,numPhotos,price,size,exterior,rooms,bathrooms,municipality,showAddress,distance,hasVideo,newDevelopment,hasPlan,has3DTour,has360,topNewDevelopment,district,neighborhood,hasLift,propertyType_chalet,propertyType_countryHouse,propertyType_duplex,propertyType_flat,propertyType_penthouse,propertyType_studio,status_good,status_newdevelopment,status_renew,floor_1,floor_14,floor_2,floor_3,floor_4,floor_5,floor_6,floor_7,floor_8,floor_Desconocido,floor_bj,floor_en,floor_ss,floor_st
0,-0.6153846153846154,750.0,0.12,True,-1.0,0.0,705.5941137736924,True,-0.2527987752368194,False,False,False,False,False,False,701.25373726602,700.3179109713058,True,0.0,0.0,0.0,1.0,0.0,0.0,1.0,0.0,0.0,0.0,0.0,0.0,1.0,0.0,0.0,0.0,0.0,0.0,0.0,0.0,0.0,0.0,0.0
1,0.0769230769230769,750.0,0.52,True,0.0,0.0,701.4185840255545,False,0.1829490000956846,True,False,True,False,False,False,700.2086370207389,679.7932977234551,False,0.0,0.0,0.0,1.0,0.0,0.0,1.0,0.0,0.0,0.0,0.0,0.0,0.0,0.0,0.0,0.0,0.0,0.0,0.0,1.0,0.0,0.0,0.0
2,0.6153846153846154,400.0,0.4,True,0.0,1.0,654.8190742450261,False,2.043823557554301,False,False,False,False,True,False,645.6577714401409,679.7932977234551,False,0.0,0.0,0.0,0.0,1.0,0.0,1.0,0.0,0.0,0.0,0.0,1.0,0.0,0.0,0.0,0.0,0.0,0.0,0.0,0.0,0.0,0.0,0.0
3,-0.6923076923076923,590.0,0.52,True,1.0,1.0,679.5396843739956,False,2.118218352310784,False,False,False,False,False,False,645.6577714401409,679.7932977234551,False,0.0,0.0,0.0,1.0,0.0,0.0,1.0,0.0,0.0,0.0,0.0,0.0,0.0,0.0,0.0,0.0,0.0,0.0,1.0,0.0,0.0,0.0,0.0
4,-0.2307692307692307,684.0,-0.48,True,-2.0,0.0,705.5941137736924,True,-0.0796574490479379,False,False,False,False,False,False,645.6577714401409,679.7932977234551,False,0.0,0.0,0.0,0.0,0.0,1.0,1.0,0.0,0.0,0.0,0.0,0.0,0.0,0.0,0.0,0.0,0.0,0.0,1.0,0.0,0.0,0.0,0.0
5,-0.0769230769230769,600.0,0.64,True,0.0,0.0,680.8407691176255,False,1.183666634771792,False,False,False,False,False,False,645.6577714401409,679.7932977234551,False,0.0,0.0,0.0,1.0,0.0,0.0,1.0,0.0,0.0,0.0,0.0,0.0,1.0,0.0,0.0,0.0,0.0,0.0,0.0,0.0,0.0,0.0,0.0
6,-0.3846153846153846,600.0,0.56,True,-1.0,0.0,682.4388751934754,False,1.5216247249067074,False,False,False,False,False,False,645.6577714401409,679.7932977234551,False,0.0,0.0,1.0,0.0,0.0,0.0,1.0,0.0,0.0,1.0,0.0,0.0,0.0,0.0,0.0,0.0,0.0,0.0,0.0,0.0,0.0,0.0,0.0
7,-0.2307692307692307,550.0,-0.16,True,-1.0,0.0,705.5941137736924,False,-0.3977131374988039,False,False,False,False,False,False,695.5142893172506,693.9893874974726,False,0.0,0.0,0.0,1.0,0.0,0.0,1.0,0.0,0.0,1.0,0.0,0.0,0.0,0.0,0.0,0.0,0.0,0.0,0.0,0.0,0.0,0.0,0.0
8,-0.0769230769230769,700.0,-1.16,True,-2.0,0.0,705.5941137736924,True,-0.3230312888718782,False,False,True,True,False,False,698.060183306633,697.480889673296,False,0.0,0.0,0.0,0.0,0.0,1.0,1.0,0.0,0.0,1.0,0.0,0.0,0.0,0.0,0.0,0.0,0.0,0.0,0.0,0.0,0.0,0.0,0.0
9,0.4615384615384615,700.0,1.16,True,0.0,0.0,693.8516165539254,False,0.9009664146971582,False,False,False,False,False,False,693.8516165539254,679.7932977234551,True,0.0,0.0,1.0,0.0,0.0,0.0,1.0,0.0,0.0,0.0,0.0,0.0,1.0,0.0,0.0,0.0,0.0,0.0,0.0,0.0,0.0,0.0,0.0
10,-0.1538461538461538,700.0,-0.48,False,-1.0,0.0,705.5941137736924,False,-0.4915797531336714,False,False,False,False,False,False,697.480889673296,697.480889673296,False,0.0,0.0,0.0,1.0,0.0,0.0,1.0,0.0,0.0,0.0,0.0,0.0,0.0,0.0,1.0,0.0,0.0,0.0,0.0,0.0,0.0,0.0,0.0
11,-0.4615384615384615,550.0,-0.12,True,0.0,0.0,683.8304295712966,True,0.665582240933882,False,False,False,False,False,False,691.1615387116915,679.7932977234551,False,0.0,0.0,0.0,1.0,0.0,0.0,1.0,0.0,0.0,0.0,0.0,0.0,0.0,0.0,0.0,0.0,0.0,0.0,0.0,0.0,1.0,0.0,0.0
12,-0.6923076923076923,695.0,0.28,True,0.0,0.0,701.4185840255545,True,0.1639077600229643,False,False,False,False,False,False,700.2086370207389,679.7932977234551,False,0.0,0.0,0.0,1.0,0.0,0.0,1.0,0.0,0.0,1.0,0.0,0.0,0.0,0.0,0.0,0.0,0.0,0.0,0.0,0.0,0.0,0.0,0.0
13,-1.1538461538461535,650.0,0.44,True,0.0,0.0,690.3883364282716,False,1.439527317960004,False,False,False,False,False,False,690.3883364282716,679.7932977234551,False,0.0,0.0,0.0,1.0,0.0,0.0,1.0,0.0,0.0,0.0,0.0,0.0,0.0,0.0,0.0,0.0,0.0,0.0,0.0,1.0,0.0,0.0,0.0
14,0.1538461538461538,700.0,-1.08,False,-1.0,0.0,705.5941137736924,False,-0.434121136733327,False,False,False,False,False,False,695.3159460094015,693.8516165539254,True,0.0,0.0,0.0,1.0,0.0,0.0,1.0,0.0,0.0,1.0,0.0,0.0,0.0,0.0,0.0,0.0,0.0,0.0,0.0,0.0,0.0,0.0,0.0
15,-0.3076923076923077,700.0,-0.88,False,-1.0,0.0,705.5941137736924,False,-0.4988517845182279,False,False,False,False,False,False,698.4230775594249,693.2793954075133,False,0.0,0.0,0.0,1.0,0.0,0.0,1.0,0.0,0.0,1.0,0.0,0.0,0.0,0.0,0.0,0.0,0.0,0.0,0.0,0.0,0.0,0.0,0.0
16,-0.3846153846153846,700.0,-0.56,True,-1.0,0.0,705.5941137736924,False,-0.3769495742034255,True,False,False,False,False,False,691.5060492022334,687.330275254454,True,0.0,0.0,0.0,1.0,0.0,0.0,1.0,0.0,0.0,0.0,0.0,1.0,0.0,0.0,0.0,0.0,0.0,0.0,0.0,0.0,0.0,0.0,0.0
17,-1.0,650.0,0.12,True,0.0,0.0,705.5941137736924,True,-0.3988135106688355,False,False,False,False,False,False,695.5142893172506,693.9893874974726,False,0.0,0.0,0.0,1.0,0.0,0.0,1.0,0.0,0.0,1.0,0.0,0.0,0.0,0.0,0.0,0.0,0.0,0.0,0.0,0.0,0.0,0.0,0.0
18,-0.3846153846153846,650.0,5.96,False,1.0,0.0,688.6151981170156,False,1.477083532676299,False,False,False,False,False,False,645.6577714401409,679.7932977234551,True,1.0,0.0,0.0,0.0,0.0,0.0,1.0,0.0,0.0,0.0,0.0,0.0,0.0,0.0,0.0,0.0,0.0,0.0,1.0,0.0,0.0,0.0,0.0
19,-0.6153846153846154,700.0,1.92,True,1.0,1.0,681.7049714102249,False,1.5157401205626255,False,False,False,False,False,False,691.1615387116915,679.7932977234551,False,0.0,0.0,0.0,1.0,0.0,0.0,1.0,0.0,0.0,0.0,0.0,0.0,0.0,0.0,0.0,0.0,0.0,0.0,0.0,1.0,0.0,0.0,0.0
20,-0.8461538461538461,695.0,-0.68,False,-1.0,0.0,705.5941137736924,False,-0.4808152329920582,False,False,True,False,False,False,697.1262620110448,693.2010741821103,True,0.0,0.0,0.0,1.0,0.0,0.0,1.0,0.0,0.0,0.0,0.0,0.0,0.0,1.0,0.0,0.0,0.0,0.0,0.0,0.0,0.0,0.0,0.0
21,-0.5384615384615384,675.0,-0.68,True,-1.0,0.0,692.2731637371271,False,0.5375083724045546,False,False,False,False,False,False,691.1615387116915,679.7932977234551,False,0.0,0.0,0.0,1.0,0.0,0.0,1.0,0.0,0.0,0.0,0.0,0.0,0.0,0.0,0.0,0.0,0.0,0.0,0.0,1.0,0.0,0.0,0.0
22,0.7692307692307693,750.0,-0.48,False,-2.0,0.0,705.5941137736924,False,-0.5403310687972442,True,False,False,False,False,False,691.1615387116915,690.2450997417588,True,0.0,0.0,0.0,0.0,0.0,1.0,1.0,0.0,0.0,0.0,0.0,0.0,0.0,0.0,0.0,0.0,0.0,0.0,0.0,1.0,0.0,0.0,0.0
23,0.0,750.0,1.68,True,1.0,1.0,681.7049714102249,False,1.4912926992632285,False,False,False,False,False,False,691.1615387116915,679.7932977234551,True,0.0,0.0,0.0,1.0,0.0,0.0,1.0,0.0,0.0,1.0,0.0,0.0,0.0,0.0,0.0,0.0,0.0,0.0,0.0,0.0,0.0,0.0,0.0
24,0.6923076923076923,680.0,-0.76,False,-1.0,0.0,705.5941137736924,True,-0.4655056932350971,False,False,False,False,False,False,695.3159460094015,692.516102401779,True,0.0,0.0,0.0,1.0,0.0,0.0,1.0,0.0,0.0,1.0,0.0,0.0,0.0,0.0,0.0,0.0,0.0,0.0,0.0,0.0,0.0,0.0,0.0
25,0.3076923076923077,750.0,-0.24,True,-1.0,0.0,705.5941137736924,False,-0.0203329824897139,False,False,False,False,False,False,693.9093264632611,700.3570402720752,True,0.0,0.0,0.0,1.0,0.0,0.0,1.0,0.0,0.0,1.0,0.0,0.0,0.0,0.0,0.0,0.0,0.0,0.0,0.0,0.0,0.0,0.0,0.0
26,-0.6153846153846154,750.0,0.12,True,-1.0,0.0,700.3570402720752,False,0.4303415941058272,False,False,False,False,False,False,700.3570402720752,700.3570402720752,False,0.0,0.0,0.0,0.0,1.0,0.0,1.0,0.0,0.0,0.0,0.0,1.0,0.0,0.0,0.0,0.0,0.0,0.0,0.0,0.0,0.0,0.0,0.0
27,-0.5384615384615384,750.0,-1.28,False,-2.0,0.0,705.5941137736924,False,-0.5639651707970529,False,False,False,False,False,False,691.1615387116915,698.5288208720782,True,0.0,0.0,0.0,0.0,0.0,1.0,1.0,0.0,0.0,0.0,0.0,0.0,0.0,1.0,0.0,0.0,0.0,0.0,0.0,0.0,0.0,0.0,0.0
28,-1.0,750.0,-0.68,False,-1.0,0.0,705.5941137736924,False,-0.4943067649028801,False,False,False,False,False,False,698.4230775594249,693.2793954075133,False,0.0,0.0,0.0,1.0,0.0,0.0,1.0,0.0,0.0,1.0,0.0,0.0,0.0,0.0,0.0,0.0,0.0,0.0,0.0,0.0,0.0,0.0,0.0
29,-0.5384615384615384,650.0,0.2,True,0.0,0.0,705.5941137736924,False,-0.2143335565974548,False,False,True,False,False,False,691.5060492022334,690.1621384476521,False,0.0,0.0,0.0,1.0,0.0,0.0,1.0,0.0,0.0,1.0,0.0,0.0,0.0,0.0,0.0,0.0,0.0,0.0,0.0,0.0,0.0,0.0,0.0
30,-0.3846153846153846,750.0,-1.08,True,-2.0,0.0,705.5941137736924,False,-0.5447325614773706,True,False,False,False,False,False,691.1615387116915,690.2450997417588,False,0.0,0.0,0.0,0.0,0.0,1.0,1.0,0.0,0.0,0.0,0.0,0.0,1.0,0.0,0.0,0.0,0.0,0.0,0.0,0.0,0.0,0.0,0.0
31,0.3076923076923077,750.0,-0.72,False,-1.0,0.0,705.5941137736924,False,-0.4920581762510764,False,False,True,False,False,False,700.3570402720752,700.3570402720752,False,0.0,0.0,0.0,1.0,0.0,0.0,1.0,0.0,0.0,0.0,0.0,0.0,0.0,0.0,1.0,0.0,0.0,0.0,0.0,0.0,0.0,0.0,0.0
32,0.0769230769230769,700.0,0.2,True,0.0,0.0,705.5941137736924,False,-0.1831882116543871,True,False,True,False,True,False,707.8566208272264,695.0535385086307,False,0.0,0.0,0.0,1.0,0.0,0.0,1.0,0.0,0.0,0.0,0.0,0.0,1.0,0.0,0.0,0.0,0.0,0.0,0.0,0.0,0.0,0.0,0.0
33,-0.2307692307692307,747.0,1.56,True,1.0,1.0,693.7218364534331,False,0.6836666347717921,False,False,True,False,False,False,699.9667148489863,679.7932977234551,True,0.0,0.0,0.0,1.0,0.0,0.0,1.0,0.0,0.0,1.0,0.0,0.0,0.0,0.0,0.0,0.0,0.0,0.0,0.0,0.0,0.0,0.0,0.0
34,-0.3076923076923077,640.0,-0.88,True,-2.0,0.0,705.5941137736924,False,-0.239068031767295,False,False,False,False,False,False,707.8566208272264,694.7492345375915,True,0.0,0.0,0.0,0.0,0.0,1.0,1.0,0.0,0.0,1.0,0.0,0.0,0.0,0.0,0.0,0.0,0.0,0.0,0.0,0.0,0.0,0.0,0.0
35,0.0,750.0,-1.08,False,-1.0,0.0,705.5941137736924,False,-0.4874174720122476,False,False,False,False,False,False,695.3159460094015,700.3570402720752,True,0.0,0.0,0.0,1.0,0.0,0.0,1.0,0.0,0.0,0.0,0.0,0.0,0.0,0.0,0.0,0.0,0.0,0.0,0.0,0.0,0.0,0.0,1.0
36,0.0,750.0,0.52,True,0.0,0.0,699.6173866894447,True,0.7837527509329251,False,False,False,False,False,False,697.8699033426905,679.7932977234551,True,0.0,0.0,0.0,1.0,0.0,0.0,1.0,0.0,0.0,0.0,0.0,1.0,0.0,0.0,0.0,0.0,0.0,0.0,0.0,0.0,0.0,0.0,0.0
37,-0.6153846153846154,625.0,-0.2,True,0.0,0.0,684.0934809767006,True,1.3455171753899149,False,False,False,False,False,False,691.1615387116915,679.7932977234551,False,0.0,0.0,0.0,1.0,0.0,0.0,1.0,0.0,0.0,0.0,0.0,1.0,0.0,0.0,0.0,0.0,0.0,0.0,0.0,0.0,0.0,0.0,0.0
38,-0.8461538461538461,700.0,-0.68,True,-2.0,0.0,705.5941137736924,False,-0.521002774854081,False,False,False,False,False,False,691.1615387116915,698.5288208720782,True,0.0,0.0,0.0,0.0,0.0,1.0,1.0,0.0,0.0,0.0,0.0,0.0,1.0,0.0,0.0,0.0,0.0,0.0,0.0,0.0,0.0,0.0,0.0
39,0.6153846153846154,750.0,-0.68,True,-2.0,0.0,705.5941137736924,True,-0.4738302554779447,False,False,False,False,False,False,698.4230775594249,700.3570402720752,True,0.0,0.0,0.0,0.0,0.0,1.0,1.0,0.0,0.0,0.0,0.0,0.0,0.0,0.0,0.0,0.0,0.0,0.0,0.0,0.0,1.0,0.0,0.0
40,-0.1538461538461538,650.0,-0.88,False,-1.0,0.0,705.5941137736924,False,-0.535833891493637,True,False,False,False,False,False,691.1615387116915,694.1193034818438,True,0.0,0.0,0.0,1.0,0.0,0.0,1.0,0.0,0.0,0.0,0.0,1.0,0.0,0.0,0.0,0.0,0.0,0.0,0.0,0.0,0.0,0.0,0.0
41,0.3076923076923077,720.0,0.52,True,1.0,0.0,699.6173866894447,False,0.8026983063821644,False,False,False,False,False,False,698.6577280272465,679.7932977234551,False,0.0,0.0,0.0,1.0,0.0,0.0,1.0,0.0,0.0,0.0,0.0,1.0,0.0,0.0,0.0,0.0,0.0,0.0,0.0,0.0,0.0,0.0,0.0
42,0.6153846153846154,699.0,-0.2,True,-1.0,0.0,705.5941137736924,True,-0.2501674480910917,False,False,False,False,False,False,695.5142893172506,691.3463721466259,True,0.0,0.0,0.0,1.0,0.0,0.0,1.0,0.0,0.0,0.0,0.0,0.0,1.0,0.0,0.0,0.0,0.0,0.0,0.0,0.0,0.0,0.0,0.0
43,-0.3846153846153846,750.0,0.32,True,0.0,0.0,685.5281804951461,False,0.0363601569227825,False,False,False,False,False,False,692.8707300640301,692.8707300640301,True,0.0,0.0,0.0,1.0,0.0,0.0,1.0,0.0,0.0,0.0,0.0,0.0,0.0,0.0,0.0,0.0,0.0,0.0,1.0,0.0,0.0,0.0,0.0
44,-0.7692307692307693,695.0,0.32,True,0.0,0.0,696.9577757236586,False,0.0757343794852167,False,False,False,False,False,False,692.1614747395278,679.7932977234551,True,0.0,0.0,0.0,1.0,0.0,0.0,1.0,0.0,0.0,0.0,0.0,0.0,0.0,0.0,0.0,0.0,0.0,0.0,1.0,0.0,0.0,0.0,0.0
45,0.0,750.0,0.84,True,0.0,1.0,693.2144366693383,False,0.3539374222562434,False,False,False,False,False,False,695.6128830213358,679.7932977234551,True,0.0,0.0,0.0,1.0,0.0,0.0,1.0,0.0,0.0,0.0,0.0,0.0,0.0,0.0,0.0,0.0,0.0,0.0,1.0,0.0,0.0,0.0,0.0
46,-0.1538461538461538,620.0,0.12,True,0.0,0.0,705.5941137736924,False,-0.2076356329537843,False,False,False,False,False,False,707.8566208272264,700.6631786637457,False,0.0,0.0,0.0,1.0,0.0,0.0,1.0,0.0,0.0,0.0,0.0,0.0,0.0,0.0,0.0,0.0,0.0,0.0,1.0,0.0,0.0,0.0,0.0
47,-0.5384615384615384,500.0,-1.16,False,-2.0,0.0,705.5941137736924,False,-0.5526743852262941,False,False,False,False,False,False,691.1615387116915,690.2450997417588,False,0.0,0.0,0.0,0.0,0.0,1.0,1.0,0.0,0.0,1.0,0.0,0.0,0.0,0.0,0.0,0.0,0.0,0.0,0.0,0.0,0.0,0.0,0.0
48,-0.9230769230769232,550.0,-0.76,True,-1.0,0.0,685.5281804951461,False,-0.066165917137116,False,False,False,False,False,False,691.1615387116915,674.3353453994757,False,0.0,0.0,0.0,1.0,0.0,0.0,1.0,0.0,0.0,0.0,0.0,0.0,0.0,0.0,0.0,0.0,0.0,0.0,1.0,0.0,0.0,0.0,0.0
49,0.2307692307692307,750.0,-0.44,False,-1.0,0.0,705.5941137736924,False,-0.5188498708257583,True,False,False,False,False,False,698.4230775594249,700.3570402720752,True,0.0,0.0,0.0,1.0,0.0,0.0,1.0,0.0,0.0,0.0,0.0,0.0,1.0,0.0,0.0,0.0,0.0,0.0,0.0,0.0,0.0,0.0,0.0
50,0.0,680.0,-0.08,True,-2.0,0.0,705.5941137736924,False,-0.3456128600133958,False,False,False,False,False,False,698.060183306633,696.0623790242912,False,0.0,0.0,0.0,0.0,0.0,1.0,1.0,0.0,0.0,0.0,0.0,0.0,0.0,0.0,0.0,0.0,0.0,0.0,0.0,1.0,0.0,0.0,0.0
51,0.1538461538461538,700.0,-0.28,True,-1.0,1.0,693.8516165539254,False,0.9439766529518706,False,False,False,False,False,False,645.6577714401409,679.7932977234551,False,0.0,0.0,0.0,1.0,0.0,0.0,1.0,0.0,0.0,0.0,0.0,0.0,0.0,0.0,0.0,0.0,0.0,0.0,1.0,0.0,0.0,0.0,0.0
52,-0.5384615384615384,750.0,-0.88,True,-1.0,0.0,705.5941137736924,False,-0.3958472873409243,False,False,False,False,False,False,645.6577714401409,679.7932977234551,False,0.0,0.0,1.0,0.0,0.0,0.0,1.0,0.0,0.0,0.0,0.0,0.0,0.0,0.0,0.0,0.0,0.0,0.0,1.0,0.0,0.0,0.0,0.0
53,0.6153846153846154,750.0,0.36,True,0.0,0.0,698.2864955943987,False,0.0473638886230982,True,False,False,False,False,False,691.1615387116915,700.3570402720752,True,0.0,0.0,0.0,1.0,0.0,0.0,1.0,0.0,0.0,1.0,0.0,0.0,0.0,0.0,0.0,0.0,0.0,0.0,0.0,0.0,0.0,0.0,0.0
54,-0.6923076923076923,650.0,0.32,True,-1.0,0.0,699.6173866894447,False,0.819012534685676,False,False,False,False,False,False,693.9346130507838,679.7932977234551,True,0.0,0.0,0.0,1.0,0.0,0.0,1.0,0.0,0.0,0.0,0.0,0.0,0.0,0.0,0.0,0.0,0.0,0.0,0.0,0.0,1.0,0.0,0.0
55,1.4615384615384617,720.0,3.04,False,1.0,1.0,689.0798550358614,False,0.3412113673332695,False,False,True,False,True,False,686.3005068205638,679.7932977234551,True,0.0,0.0,0.0,1.0,0.0,0.0,1.0,0.0,0.0,1.0,0.0,0.0,0.0,0.0,0.0,0.0,0.0,0.0,0.0,0.0,0.0,0.0,0.0
56,0.6153846153846154,600.0,-0.28,True,-1.0,0.0,686.0932915831607,False,0.5793225528657545,False,False,False,False,False,False,686.0141905645556,679.7932977234551,True,0.0,0.0,0.0,1.0,0.0,0.0,1.0,0.0,0.0,0.0,0.0,0.0,0.0,0.0,0.0,0.0,0.0,0.0,1.0,0.0,0.0,0.0,0.0
57,-0.5384615384615384,650.0,0.16,True,-1.0,0.0,695.813794201381,False,1.079561764424457,False,False,False,False,False,False,688.2605704547643,679.7932977234551,True,0.0,0.0,0.0,1.0,0.0,0.0,1.0,0.0,0.0,0.0,0.0,1.0,0.0,0.0,0.0,0.0,0.0,0.0,0.0,0.0,0.0,0.0,0.0
58,-0.6923076923076923,650.0,0.32,False,0.0,0.0,698.2864955943987,False,-0.0375083724045545,False,False,False,False,False,False,687.3461928357755,687.3461928357755,False,0.0,0.0,0.0,1.0,0.0,0.0,1.0,0.0,0.0,0.0,0.0,0.0,1.0,0.0,0.0,0.0,0.0,0.0,0.0,0.0,0.0,0.0,0.0
59,-1.0769230769230769,700.0,-0.48,True,-1.0,0.0,705.5941137736924,False,0.0,False,False,False,False,False,False,693.9093264632611,691.1919068815423,False,0.0,0.0,0.0,1.0,0.0,0.0,1.0,0.0,0.0,0.0,0.0,0.0,1.0,0.0,0.0,0.0,0.0,0.0,0.0,0.0,0.0,0.0,0.0
60,-0.1538461538461538,625.0,0.2,True,0.0,0.0,696.177593357043,False,-0.0313367141900296,False,False,False,False,False,False,688.6151981170156,679.7932977234551,False,0.0,0.0,0.0,1.0,0.0,0.0,1.0,0.0,0.0,0.0,0.0,0.0,0.0,0.0,0.0,0.0,0.0,0.0,0.0,1.0,0.0,0.0,0.0
61,-0.6153846153846154,595.0,-0.48,True,-1.0,0.0,705.5941137736924,False,-0.3721175007176346,False,False,False,False,False,False,691.5060492022334,687.330275254454,False,0.0,0.0,0.0,1.0,0.0,0.0,1.0,0.0,0.0,0.0,0.0,0.0,0.0,0.0,0.0,0.0,0.0,0.0,0.0,1.0,0.0,0.0,0.0
62,0.0,650.0,-0.08,True,-1.0,0.0,705.5941137736924,False,-0.087360061238159,False,False,False,False,False,False,695.5108000843883,693.5059395678978,True,0.0,0.0,0.0,1.0,0.0,0.0,1.0,0.0,0.0,0.0,0.0,0.0,0.0,1.0,0.0,0.0,0.0,0.0,0.0,0.0,0.0,0.0,0.0
63,0.5384615384615384,725.0,-0.28,True,-1.0,0.0,705.5941137736924,False,-0.2206965840589417,True,False,True,False,False,False,707.8566208272264,700.6631786637457,True,0.0,0.0,0.0,1.0,0.0,0.0,1.0,0.0,0.0,0.0,0.0,1.0,0.0,0.0,0.0,0.0,0.0,0.0,0.0,0.0,0.0,0.0,0.0
64,-0.5384615384615384,750.0,1.52,True,1.0,0.0,699.6173866894447,False,0.7732274423500144,False,False,False,False,False,False,697.8699033426905,679.7932977234551,True,0.0,0.0,0.0,1.0,0.0,0.0,1.0,0.0,0.0,0.0,0.0,0.0,0.0,0.0,0.0,0.0,0.0,1.0,0.0,0.0,0.0,0.0,0.0
65,0.0,700.0,-1.08,True,-1.0,0.0,705.5941137736924,True,-0.0130131087934168,False,False,False,False,True,False,695.5108000843883,693.5059395678978,True,0.0,0.0,0.0,0.0,1.0,0.0,1.0,0.0,0.0,1.0,0.0,0.0,0.0,0.0,0.0,0.0,0.0,0.0,0.0,0.0,0.0,0.0,0.0
66,0.3846153846153846,700.0,-1.2,False,-1.0,0.0,705.5941137736924,False,-0.5229164673237011,False,False,False,False,False,False,691.1615387116915,690.2450997417588,False,0.0,0.0,0.0,1.0,0.0,0.0,1.0,0.0,0.0,0.0,0.0,0.0,1.0,0.0,0.0,0.0,0.0,0.0,0.0,0.0,0.0,0.0,0.0
67,-0.2307692307692307,650.0,0.08,True,0.0,0.0,699.6173866894447,False,0.8726916084585207,False,False,False,False,False,False,689.6790811037692,679.7932977234551,True,0.0,0.0,0.0,1.0,0.0,0.0,1.0,0.0,0.0,1.0,0.0,0.0,0.0,0.0,0.0,0.0,0.0,0.0,0.0,0.0,0.0,0.0,0.0
68,-0.8461538461538461,550.0,-0.68,True,-1.0,0.0,674.3353453994757,False,0.2597359104391924,False,False,False,False,False,False,674.3353453994757,679.7932977234551,True,0.0,0.0,0.0,1.0,0.0,0.0,1.0,0.0,0.0,0.0,0.0,0.0,1.0,0.0,0.0,0.0,0.0,0.0,0.0,0.0,0.0,0.0,0.0
69,0.0,650.0,-0.08,True,-1.0,0.0,705.5941137736924,False,-0.0968806812745191,False,False,False,False,False,False,695.5108000843883,693.5059395678978,True,0.0,0.0,0.0,1.0,0.0,0.0,1.0,0.0,0.0,0.0,0.0,0.0,0.0,1.0,0.0,0.0,0.0,0.0,0.0,0.0,0.0,0.0,0.0
70,0.0,750.0,0.32,True,0.0,0.0,705.5941137736924,False,-0.3225050234427327,False,False,False,False,False,False,698.060183306633,693.9346130507838,True,0.0,0.0,0.0,1.0,0.0,0.0,1.0,0.0,0.0,0.0,0.0,0.0,0.0,0.0,0.0,0.0,0.0,0.0,1.0,0.0,0.0,0.0,0.0
71,-0.2307692307692307,725.0,0.52,True,0.0,0.0,705.5941137736924,False,-0.3924983255190891,False,False,False,False,False,False,695.5142893172506,697.1043284130003,True,0.0,0.0,0.0,1.0,0.0,0.0,1.0,0.0,0.0,0.0,0.0,0.0,0.0,0.0,0.0,0.0,0.0,0.0,1.0,0.0,0.0,0.0,0.0
72,-0.8461538461538461,700.0,0.92,True,-1.0,0.0,699.6173866894447,False,0.8199693809204861,False,False,False,False,False,False,697.480889673296,679.7932977234551,False,0.0,0.0,0.0,1.0,0.0,0.0,1.0,0.0,0.0,1.0,0.0,0.0,0.0,0.0,0.0,0.0,0.0,0.0,0.0,0.0,0.0,0.0,0.0
73,-1.0,650.0,-0.68,True,-1.0,0.0,705.5941137736924,True,-0.0046407042388288,False,False,False,False,False,False,693.9093264632611,691.1919068815423,True,0.0,0.0,0.0,1.0,0.0,0.0,1.0,0.0,0.0,0.0,0.0,0.0,0.0,0.0,0.0,0.0,0.0,0.0,0.0,1.0,0.0,0.0,0.0
74,0.3076923076923077,695.0,1.32,True,1.0,0.0,705.5941137736924,False,-0.2196918955123911,False,False,False,False,False,False,707.8566208272264,700.1058026926619,False,0.0,0.0,0.0,1.0,0.0,0.0,1.0,0.0,0.0,0.0,0.0,0.0,0.0,0.0,0.0,0.0,0.0,0.0,1.0,0.0,0.0,0.0,0.0
75,-0.5384615384615384,750.0,-0.08,True,-1.0,0.0,705.5941137736924,False,-0.3015979332121328,False,False,False,False,False,False,698.060183306633,693.9346130507838,False,0.0,0.0,0.0,1.0,0.0,0.0,1.0,0.0,0.0,0.0,0.0,0.0,0.0,0.0,0.0,0.0,0.0,0.0,1.0,0.0,0.0,0.0,0.0
76,-0.1538461538461538,650.0,0.32,True,0.0,0.0,705.5941137736924,False,-0.2278250885082767,False,False,False,False,False,False,691.5060492022334,690.1621384476521,True,0.0,0.0,0.0,1.0,0.0,0.0,1.0,0.0,0.0,0.0,0.0,0.0,0.0,0.0,0.0,0.0,0.0,0.0,1.0,0.0,0.0,0.0,0.0
77,-0.5384615384615384,666.0,0.52,True,-1.0,1.0,692.2731637371271,False,0.5999904315376519,False,False,False,False,False,False,689.4279284255834,679.7932977234551,True,0.0,0.0,0.0,1.0,0.0,0.0,1.0,0.0,0.0,1.0,0.0,0.0,0.0,0.0,0.0,0.0,0.0,0.0,0.0,0.0,0.0,0.0,0.0
78,-0.7692307692307693,750.0,0.84,True,0.0,1.0,699.6173866894447,False,0.8446560137785858,False,False,False,False,False,False,700.3570402720752,679.7932977234551,True,0.0,0.0,0.0,1.0,0.0,0.0,1.0,0.0,0.0,0.0,0.0,0.0,0.0,0.0,0.0,0.0,0.0,0.0,1.0,0.0,0.0,0.0,0.0
79,-0.3076923076923077,630.0,0.68,True,1.0,0.0,684.7440233485155,False,1.1559659362740409,False,False,False,False,False,False,645.6577714401409,679.7932977234551,True,0.0,0.0,0.0,1.0,0.0,0.0,1.0,0.0,0.0,0.0,0.0,0.0,0.0,0.0,0.0,0.0,0.0,0.0,1.0,0.0,0.0,0.0,0.0
80,-0.1538461538461538,635.0,-0.08,True,-2.0,0.0,685.5281804951461,False,0.1055879820112907,False,False,False,False,False,False,692.8707300640301,692.8707300640301,True,0.0,0.0,0.0,0.0,0.0,1.0,1.0,0.0,0.0,0.0,0.0,1.0,0.0,0.0,0.0,0.0,0.0,0.0,0.0,0.0,0.0,0.0,0.0
81,-1.1538461538461535,725.0,0.48,True,0.0,0.0,695.813794201381,True,1.127691130035403,True,False,False,False,False,False,697.1043284130003,679.7932977234551,True,0.0,0.0,0.0,1.0,0.0,0.0,1.0,0.0,0.0,1.0,0.0,0.0,0.0,0.0,0.0,0.0,0.0,0.0,0.0,0.0,0.0,0.0,0.0
82,-0.3076923076923077,750.0,-0.88,False,-1.0,0.0,705.5941137736924,True,-0.5483685771696488,False,False,True,False,False,False,691.1615387116915,690.2450997417588,False,0.0,0.0,0.0,1.0,0.0,0.0,1.0,0.0,0.0,1.0,0.0,0.0,0.0,0.0,0.0,0.0,0.0,0.0,0.0,0.0,0.0,0.0,0.0
83,-0.7692307692307693,690.0,0.32,True,0.0,0.0,705.5941137736924,True,-0.3634580422926036,False,False,False,False,False,False,695.5142893172506,693.9893874974726,False,0.0,0.0,0.0,1.0,0.0,0.0,1.0,0.0,0.0,0.0,0.0,0.0,1.0,0.0,0.0,0.0,0.0,0.0,0.0,0.0,0.0,0.0,0.0
84,-0.0769230769230769,700.0,-1.08,False,-2.0,0.0,705.5941137736924,True,-0.5396612764328772,False,False,False,False,False,False,691.1615387116915,690.2450997417588,True,0.0,0.0,0.0,0.0,0.0,1.0,1.0,0.0,0.0,0.0,0.0,1.0,0.0,0.0,0.0,0.0,0.0,0.0,0.0,0.0,0.0,0.0,0.0
85,1.0,730.0,0.28,True,1.0,0.0,697.3853988595729,False,0.3786240551143431,True,False,True,False,True,False,697.7548707848152,679.7932977234551,False,0.0,0.0,0.0,1.0,0.0,0.0,1.0,0.0,0.0,1.0,0.0,0.0,0.0,0.0,0.0,0.0,0.0,0.0,0.0,0.0,0.0,0.0,0.0
86,-0.0769230769230769,750.0,-0.24,True,-1.0,0.0,705.5941137736924,False,-0.4250789398143718,False,False,False,False,False,False,701.6494557290996,701.0271662958082,True,0.0,0.0,0.0,1.0,0.0,0.0,1.0,0.0,0.0,1.0,0.0,0.0,0.0,0.0,0.0,0.0,0.0,0.0,0.0,0.0,0.0,0.0,0.0
87,-0.3076923076923077,750.0,-0.36,False,-1.0,0.0,701.0271662958082,False,0.3925461678308296,False,False,False,False,False,False,700.3570402720752,679.7932977234551,True,0.0,0.0,0.0,1.0,0.0,0.0,1.0,0.0,0.0,0.0,0.0,0.0,0.0,1.0,0.0,0.0,0.0,0.0,0.0,0.0,0.0,0.0,0.0
88,-0.5384615384615384,690.0,-0.88,True,-1.0,0.0,705.5941137736924,False,-0.3597263419768443,False,False,False,False,False,False,689.1514921917221,683.2112015188931,False,0.0,0.0,0.0,1.0,0.0,0.0,1.0,0.0,0.0,0.0,0.0,0.0,0.0,0.0,0.0,0.0,0.0,0.0,1.0,0.0,0.0,0.0,0.0
89,-0.5384615384615384,750.0,0.68,True,1.0,0.0,698.2864955943987,False,0.0332982489713903,False,False,False,False,False,False,691.1615387116915,697.6279595933563,True,0.0,0.0,0.0,1.0,0.0,0.0,1.0,0.0,0.0,0.0,0.0,0.0,0.0,1.0,0.0,0.0,0.0,0.0,0.0,0.0,0.0,0.0,0.0
90,-0.3076923076923077,700.0,-0.88,True,-1.0,0.0,705.5941137736924,False,-0.5487034733518323,False,False,False,False,False,False,691.1615387116915,694.1193034818438,False,0.0,0.0,1.0,0.0,0.0,0.0,1.0,0.0,0.0,0.0,0.0,0.0,0.0,0.0,0.0,0.0,0.0,0.0,0.0,1.0,0.0,0.0,0.0
91,-0.6923076923076923,720.0,-0.6,True,-1.0,0.0,705.5941137736924,False,-0.1907951392211271,False,False,True,False,False,False,701.25373726602,699.158751927826,True,0.0,0.0,0.0,1.0,0.0,0.0,1.0,0.0,0.0,0.0,0.0,0.0,0.0,1.0,0.0,0.0,0.0,0.0,0.0,0.0,0.0,0.0,0.0
92,0.1538461538461538,595.0,-0.08,True,-1.0,0.0,680.1902267458106,False,0.8314036934264664,False,False,True,False,False,False,645.6577714401409,679.7932977234551,False,0.0,0.0,0.0,1.0,0.0,0.0,1.0,0.0,0.0,1.0,0.0,0.0,0.0,0.0,0.0,0.0,0.0,0.0,0.0,0.0,0.0,0.0,0.0
93,-0.4615384615384615,700.0,-0.48,False,-1.0,0.0,705.5941137736924,False,-0.536216629987561,False,False,False,False,False,False,691.1615387116915,694.1193034818438,False,0.0,0.0,0.0,1.0,0.0,0.0,1.0,0.0,0.0,1.0,0.0,0.0,0.0,0.0,0.0,0.0,0.0,0.0,0.0,0.0,0.0,0.0,0.0
94,-1.0769230769230769,500.0,-0.48,True,-1.0,0.0,679.7495065607351,False,0.950483207348579,False,False,False,False,False,False,679.7495065607351,679.7932977234551,False,0.0,0.0,0.0,1.0,0.0,0.0,1.0,0.0,0.0,0.0,0.0,0.0,0.0,0.0,0.0,0.0,0.0,0.0,1.0,0.0,0.0,0.0,0.0
95,-1.0769230769230769,700.0,0.72,True,0.0,0.0,681.7049714102249,True,1.5115299971294611,True,False,True,False,False,False,690.9696482031048,679.7932977234551,False,0.0,0.0,0.0,1.0,0.0,0.0,1.0,0.0,0.0,1.0,0.0,0.0,0.0,0.0,0.0,0.0,0.0,0.0,0.0,0.0,0.0,0.0,0.0
96,-0.9230769230769232,675.0,1.2,True,0.0,1.0,682.4388751934754,False,1.5396612764328772,False,False,False,False,False,False,645.6577714401409,679.7932977234551,False,0.0,0.0,1.0,0.0,0.0,0.0,1.0,0.0,0.0,0.0,0.0,1.0,0.0,0.0,0.0,0.0,0.0,0.0,0.0,0.0,0.0,0.0,0.0
97,-0.7692307692307693,650.0,-0.48,True,-1.0,0.0,687.3461928357755,False,1.2161515644435938,False,False,False,False,False,False,645.6577714401409,679.7932977234551,False,0.0,0.0,0.0,1.0,0.0,0.0,1.0,0.0,0.0,0.0,0.0,0.0,0.0,0.0,0.0,0.0,0.0,0.0,0.0,1.0,0.0,0.0,0.0
98,-1.2307692307692308,750.0,-0.08,True,-2.0,0.0,705.5941137736924,True,-0.5455458807769591,False,False,True,True,False,False,691.1615387116915,690.2450997417588,True,0.0,0.0,0.0,0.0,0.0,1.0,1.0,0.0,0.0,0.0,0.0,1.0,0.0,0.0,0.0,0.0,0.0,0.0,0.0,0.0,0.0,0.0,0.0
99,-0.2307692307692307,720.0,-0.48,True,-2.0,0.0,701.4185840255545,True,0.1488852741364462,True,False,True,False,True,False,696.4537860411854,679.7932977234551,True,0.0,0.0,0.0,0.0,0.0,1.0,1.0,0.0,0.0,0.0,0.0,0.0,0.0,0.0,1.0,0.0,0.0,0.0,0.0,0.0,0.0,0.0,0.0
100,0.1538461538461538,624.0,-0.48,True,-1.0,0.0,686.0932915831607,True,0.5624342168213569,True,True,True,False,False,False,686.0141905645556,679.7932977234551,True,0.0,0.0,0.0,1.0,0.0,0.0,0.0,1.0,0.0,0.0,0.0,0.0,0.0,0.0,0.0,0.0,0.0,0.0,1.0,0.0,0.0,0.0,0.0
101,0.1538461538461538,633.0,-0.48,True,-1.0,0.0,686.0932915831607,True,0.5624342168213569,True,True,True,False,False,False,686.0141905645556,679.7932977234551,True,0.0,0.0,0.0,1.0,0.0,0.0,0.0,1.0,0.0,0.0,0.0,0.0,0.0,0.0,0.0,0.0,0.0,0.0,1.0,0.0,0.0,0.0,0.0
102,0.1538461538461538,640.0,-0.96,True,-2.0,0.0,705.5941137736924,True,-0.0541574968902497,False,False,True,False,False,False,698.1216488348642,693.7663279662679,True,0.0,0.0,0.0,0.0,0.0,1.0,1.0,0.0,0.0,0.0,0.0,1.0,0.0,0.0,0.0,0.0,0.0,0.0,0.0,0.0,0.0,0.0,0.0
103,-0.4615384615384615,645.0,1.08,True,0.0,1.0,681.7049714102249,True,1.507319873696297,False,False,False,False,True,False,690.9696482031048,679.7932977234551,True,0.0,0.0,0.0,1.0,0.0,0.0,1.0,0.0,0.0,0.0,0.0,1.0,0.0,0.0,0.0,0.0,0.0,0.0,0.0,0.0,0.0,0.0,0.0
104,-0.6153846153846154,750.0,-0.44,False,-1.0,0.0,705.5941137736924,True,-0.5383216917041431,False,False,True,False,True,False,691.1615387116915,694.1193034818438,False,0.0,0.0,0.0,1.0,0.0,0.0,1.0,0.0,0.0,0.0,0.0,0.0,1.0,0.0,0.0,0.0,0.0,0.0,0.0,0.0,0.0,0.0,0.0
105,-0.3076923076923077,735.0,-0.88,True,-2.0,0.0,705.5941137736924,True,-0.0589895703760405,False,False,True,False,True,False,699.9349631897439,698.899400322301,True,0.0,0.0,0.0,0.0,0.0,1.0,1.0,0.0,0.0,1.0,0.0,0.0,0.0,0.0,0.0,0.0,0.0,0.0,0.0,0.0,0.0,0.0,0.0
106,0.1538461538461538,600.0,-0.08,True,-1.0,0.0,680.8407691176255,False,0.6156348674767965,False,False,False,False,True,False,645.6577714401409,679.7932977234551,False,0.0,0.0,0.0,1.0,0.0,0.0,1.0,0.0,0.0,0.0,0.0,0.0,0.0,0.0,0.0,0.0,0.0,0.0,1.0,0.0,0.0,0.0,0.0
107,0.6153846153846154,750.0,0.72,True,1.0,0.0,705.5941137736924,False,-0.1930437278729308,False,False,False,False,False,False,707.8566208272264,700.6631786637457,False,0.0,0.0,0.0,1.0,0.0,0.0,1.0,0.0,0.0,0.0,0.0,0.0,0.0,0.0,0.0,0.0,0.0,0.0,1.0,0.0,0.0,0.0,0.0
108,-1.4615384615384617,600.0,-1.28,True,-1.0,0.0,705.5941137736924,True,-0.5807099799062291,False,False,True,False,True,False,691.1615387116915,680.8407691176255,True,0.0,0.0,0.0,0.0,1.0,0.0,1.0,0.0,0.0,0.0,0.0,0.0,0.0,0.0,1.0,0.0,0.0,0.0,0.0,0.0,0.0,0.0,0.0
109,0.7692307692307693,705.0,-0.36,True,-1.0,0.0,705.5941137736924,True,-0.0406181226676873,False,False,True,False,False,False,698.1216488348642,693.7663279662679,True,0.0,0.0,0.0,1.0,0.0,0.0,1.0,0.0,0.0,0.0,0.0,0.0,0.0,1.0,0.0,0.0,0.0,0.0,0.0,0.0,0.0,0.0,0.0
110,1.1538461538461535,650.0,0.2,True,0.0,0.0,688.8749279052893,False,1.478710171275476,True,False,True,False,False,False,645.6577714401409,679.7932977234551,False,0.0,0.0,0.0,1.0,0.0,0.0,1.0,0.0,0.0,0.0,0.0,0.0,1.0,0.0,0.0,0.0,0.0,0.0,0.0,0.0,0.0,0.0,0.0
111,0.6923076923076923,700.0,0.16,True,0.0,0.0,697.8854017018289,False,0.5547794469428763,False,False,False,False,False,False,645.6577714401409,679.7932977234551,False,0.0,0.0,1.0,0.0,0.0,0.0,1.0,0.0,0.0,1.0,0.0,0.0,0.0,0.0,0.0,0.0,0.0,0.0,0.0,0.0,0.0,0.0,0.0
112,-0.4615384615384615,650.0,-0.68,False,-2.0,0.0,705.5941137736924,False,-0.3460434408190603,False,False,False,False,False,False,689.1514921917221,683.2112015188931,True,0.0,0.0,0.0,0.0,0.0,1.0,1.0,0.0,0.0,0.0,0.0,0.0,0.0,0.0,0.0,0.0,0.0,0.0,0.0,0.0,1.0,0.0,0.0
113,-0.3076923076923077,700.0,-0.68,True,-1.0,0.0,705.5941137736924,False,-0.442302172040953,False,False,False,False,False,False,691.5060492022334,697.480889673296,False,0.0,0.0,0.0,1.0,0.0,0.0,1.0,0.0,0.0,0.0,0.0,0.0,0.0,0.0,0.0,0.0,0.0,0.0,0.0,1.0,0.0,0.0,0.0
114,0.7692307692307693,730.0,-0.24,True,0.0,0.0,705.5941137736924,False,-0.2657161994067553,True,False,True,False,True,False,707.8566208272264,700.1058026926619,False,0.0,0.0,0.0,1.0,0.0,0.0,1.0,0.0,0.0,0.0,0.0,0.0,0.0,1.0,0.0,0.0,0.0,0.0,0.0,0.0,0.0,0.0,0.0
115,1.1538461538461535,750.0,-0.28,True,0.0,0.0,705.5941137736924,False,-0.1908908238446081,True,False,True,False,True,False,698.1216488348642,700.2023806780819,False,0.0,0.0,0.0,1.0,0.0,0.0,1.0,0.0,0.0,0.0,0.0,0.0,1.0,0.0,0.0,0.0,0.0,0.0,0.0,0.0,0.0,0.0,0.0
116,0.6923076923076923,680.0,-0.04,True,0.0,0.0,693.2144366693383,False,0.3337958090134915,True,False,True,False,True,False,688.8749279052893,679.7932977234551,False,0.0,0.0,0.0,1.0,0.0,0.0,1.0,0.0,0.0,0.0,0.0,0.0,1.0,0.0,0.0,0.0,0.0,0.0,0.0,0.0,0.0,0.0,0.0
117,0.6923076923076923,710.0,0.84,True,1.0,0.0,697.3853988595729,False,0.4447421299397187,True,False,True,False,True,False,697.480889673296,679.7932977234551,False,0.0,0.0,0.0,1.0,0.0,0.0,1.0,0.0,0.0,0.0,0.0,0.0,0.0,1.0,0.0,0.0,0.0,0.0,0.0,0.0,0.0,0.0,0.0
118,0.6923076923076923,720.0,-0.4,True,0.0,0.0,705.5941137736924,False,-0.2503588173380537,True,False,True,False,True,False,695.5108000843883,697.8988898163304,False,0.0,0.0,0.0,1.0,0.0,0.0,1.0,0.0,0.0,1.0,0.0,0.0,0.0,0.0,0.0,0.0,0.0,0.0,0.0,0.0,0.0,0.0,0.0
119,-0.6153846153846154,750.0,-0.56,True,-2.0,0.0,705.5941137736924,False,-0.3343699167543775,False,False,False,False,False,False,689.1514921917221,695.1467635799776,True,0.0,0.0,0.0,0.0,0.0,1.0,1.0,0.0,0.0,0.0,0.0,0.0,0.0,0.0,0.0,0.0,0.0,0.0,1.0,0.0,0.0,0.0,0.0
120,-0.6153846153846154,695.0,-0.68,True,-2.0,0.0,705.5941137736924,False,0.0026313271457276,False,False,False,False,False,False,693.9093264632611,691.1919068815423,True,0.0,0.0,0.0,0.0,0.0,1.0,1.0,0.0,0.0,0.0,0.0,0.0,0.0,0.0,0.0,0.0,0.0,0.0,1.0,0.0,0.0,0.0,0.0
121,0.9230769230769232,630.0,-0.12,True,-1.0,1.0,684.7440233485155,False,0.962156731413262,False,True,True,False,False,False,645.6577714401409,679.7932977234551,False,0.0,0.0,0.0,1.0,0.0,0.0,1.0,0.0,0.0,0.0,0.0,0.0,0.0,0.0,0.0,0.0,0.0,0.0,1.0,0.0,0.0,0.0,0.0
122,1.6923076923076923,750.0,1.32,True,1.0,0.0,700.3570402720752,False,0.6736197493062864,False,False,False,False,False,False,645.6577714401409,679.7932977234551,True,0.0,0.0,0.0,1.0,0.0,0.0,1.0,0.0,0.0,0.0,0.0,0.0,0.0,0.0,0.0,0.0,0.0,0.0,1.0,0.0,0.0,0.0,0.0
123,-1.4615384615384617,730.0,-0.28,True,-1.0,0.0,705.5941137736924,False,-0.1724236915127739,False,False,False,False,False,False,698.1216488348642,700.2023806780819,True,0.0,0.0,0.0,1.0,0.0,0.0,1.0,0.0,0.0,0.0,0.0,1.0,0.0,0.0,0.0,0.0,0.0,0.0,0.0,0.0,0.0,0.0,0.0
124,0.3076923076923077,600.0,1.32,True,1.0,0.0,686.0932915831607,False,0.615299971294613,False,False,False,False,False,False,691.1615387116915,679.7932977234551,True,0.0,0.0,0.0,1.0,0.0,0.0,1.0,0.0,0.0,0.0,0.0,0.0,0.0,0.0,0.0,0.0,0.0,0.0,1.0,0.0,0.0,0.0,0.0
125,-0.2307692307692307,650.0,-0.48,True,-2.0,0.0,705.5941137736924,True,-0.3188690077504545,False,False,False,False,False,False,698.060183306633,693.9346130507838,True,0.0,0.0,0.0,0.0,0.0,1.0,1.0,0.0,0.0,0.0,0.0,0.0,0.0,0.0,0.0,0.0,0.0,0.0,0.0,1.0,0.0,0.0,0.0
126,0.0,750.0,-0.76,False,-1.0,0.0,705.5941137736924,True,-0.5669792364367047,True,False,False,False,False,False,691.1615387116915,699.6086556468033,True,0.0,0.0,0.0,1.0,0.0,0.0,1.0,0.0,0.0,0.0,0.0,0.0,0.0,0.0,0.0,0.0,0.0,0.0,0.0,1.0,0.0,0.0,0.0
127,0.0769230769230769,730.0,-0.28,True,-1.0,0.0,697.6936662706468,False,0.195627212706918,False,False,False,False,False,False,697.6936662706468,679.7932977234551,True,0.0,0.0,0.0,1.0,0.0,0.0,1.0,0.0,0.0,0.0,0.0,0.0,0.0,0.0,0.0,0.0,0.0,0.0,1.0,0.0,0.0,0.0,0.0
128,-1.5384615384615383,735.0,-1.08,True,-2.0,0.0,705.5941137736924,True,-0.0542053392019902,False,False,False,False,True,False,699.9349631897439,698.899400322301,True,0.0,0.0,0.0,0.0,0.0,1.0,1.0,0.0,0.0,0.0,0.0,1.0,0.0,0.0,0.0,0.0,0.0,0.0,0.0,0.0,0.0,0.0,0.0
129,0.6923076923076923,610.0,0.6,False,-1.0,0.0,689.0798550358614,False,0.3455650177016553,True,False,True,False,True,False,686.3005068205638,679.7932977234551,True,0.0,0.0,0.0,1.0,0.0,0.0,1.0,0.0,0.0,0.0,0.0,0.0,0.0,0.0,0.0,0.0,0.0,0.0,0.0,1.0,0.0,0.0,0.0
130,0.0,580.0,-0.12,False,1.0,1.0,678.2385996303656,False,1.2789206774471342,False,False,False,False,False,False,645.6577714401409,679.7932977234551,True,1.0,0.0,0.0,0.0,0.0,0.0,1.0,0.0,0.0,0.0,0.0,0.0,0.0,0.0,0.0,0.0,0.0,0.0,1.0,0.0,0.0,0.0,0.0
131,-0.3076923076923077,725.0,-0.28,True,-1.0,0.0,692.2731637371271,True,0.5485599464166109,False,False,True,False,False,False,691.1615387116915,679.7932977234551,False,0.0,0.0,0.0,1.0,0.0,0.0,1.0,0.0,0.0,0.0,0.0,0.0,0.0,0.0,0.0,0.0,0.0,0.0,0.0,0.0,1.0,0.0,0.0
132,0.1538461538461538,750.0,-0.36,True,-1.0,0.0,705.5941137736924,False,-0.3461869677542818,True,False,True,False,False,False,701.6494557290996,700.3570402720752,False,0.0,0.0,0.0,1.0,0.0,0.0,1.0,0.0,0.0,1.0,0.0,0.0,0.0,0.0,0.0,0.0,0.0,0.0,0.0,0.0,0.0,0.0,0.0
133,0.3076923076923077,750.0,0.52,True,1.0,0.0,699.6173866894447,False,0.8295378432685867,True,False,True,False,False,False,693.9346130507838,679.7932977234551,False,0.0,0.0,0.0,1.0,0.0,0.0,1.0,0.0,0.0,0.0,0.0,1.0,0.0,0.0,0.0,0.0,0.0,0.0,0.0,0.0,0.0,0.0,0.0
134,-0.3076923076923077,750.0,-0.32,True,-1.0,0.0,705.5941137736924,True,-0.1844799540713807,True,False,True,False,False,False,701.25373726602,699.158751927826,True,0.0,0.0,0.0,1.0,0.0,0.0,1.0,0.0,0.0,0.0,0.0,0.0,0.0,0.0,0.0,0.0,1.0,0.0,0.0,0.0,0.0,0.0,0.0
135,0.6153846153846154,730.0,0.12,True,1.0,0.0,697.3853988595729,False,0.412735623385322,True,False,True,False,True,False,692.8594413703481,679.7932977234551,False,0.0,0.0,0.0,1.0,0.0,0.0,1.0,0.0,0.0,0.0,0.0,0.0,1.0,0.0,0.0,0.0,0.0,0.0,0.0,0.0,0.0,0.0,0.0
136,0.9230769230769232,560.0,-1.24,False,-1.0,0.0,705.5941137736924,False,-0.5595636781169266,True,False,True,False,True,False,691.1615387116915,690.2450997417588,False,0.0,0.0,0.0,1.0,0.0,0.0,1.0,0.0,0.0,0.0,0.0,0.0,0.0,0.0,0.0,0.0,0.0,0.0,0.0,1.0,0.0,0.0,0.0
137,0.0,700.0,-1.36,True,-2.0,0.0,705.5941137736924,True,-0.5286575447325614,True,False,True,False,False,False,645.6577714401409,679.7932977234551,True,0.0,0.0,0.0,0.0,0.0,1.0,1.0,0.0,0.0,0.0,0.0,0.0,0.0,0.0,0.0,0.0,0.0,0.0,1.0,0.0,0.0,0.0,0.0
138,0.7692307692307693,750.0,0.92,True,1.0,0.0,701.0271662958082,True,0.1277389723471438,False,False,False,False,False,False,700.3570402720752,679.7932977234551,True,0.0,0.0,0.0,1.0,0.0,0.0,1.0,0.0,0.0,0.0,0.0,1.0,0.0,0.0,0.0,0.0,0.0,0.0,0.0,0.0,0.0,0.0,0.0
139,0.8461538461538461,730.0,0.52,True,1.0,0.0,689.0798550358614,False,0.3090613338436513,True,False,True,False,True,False,697.7548707848152,679.7932977234551,False,0.0,0.0,0.0,1.0,0.0,0.0,1.0,0.0,0.0,0.0,0.0,0.0,1.0,0.0,0.0,0.0,0.0,0.0,0.0,0.0,0.0,0.0,0.0
140,0.6923076923076923,730.0,-0.2,True,0.0,0.0,705.5941137736924,False,-0.1671610372213185,True,False,True,False,True,False,697.3705174848837,698.899400322301,False,0.0,0.0,0.0,1.0,0.0,0.0,1.0,0.0,0.0,0.0,0.0,0.0,0.0,1.0,0.0,0.0,0.0,0.0,0.0,0.0,0.0,0.0,0.0
141,0.5384615384615384,740.0,0.28,True,0.0,0.0,705.5941137736924,False,-0.189264185245431,True,False,True,False,True,False,707.8566208272264,700.6631786637457,False,0.0,0.0,0.0,1.0,0.0,0.0,1.0,0.0,0.0,0.0,0.0,0.0,1.0,0.0,0.0,0.0,0.0,0.0,0.0,0.0,0.0,0.0,0.0
142,1.3076923076923077,720.0,0.32,True,0.0,0.0,705.5941137736924,False,-0.2301215194718208,True,False,True,False,True,False,707.8566208272264,700.1058026926619,False,0.0,0.0,0.0,1.0,0.0,0.0,1.0,0.0,0.0,0.0,0.0,1.0,0.0,0.0,0.0,0.0,0.0,0.0,0.0,0.0,0.0,0.0,0.0
143,0.9230769230769232,720.0,0.24,True,0.0,0.0,693.2144366693383,False,0.3545115299971295,True,False,True,False,True,False,688.8749279052893,679.7932977234551,False,0.0,0.0,0.0,1.0,0.0,0.0,1.0,0.0,0.0,0.0,0.0,1.0,0.0,0.0,0.0,0.0,0.0,0.0,0.0,0.0,0.0,0.0,0.0
144,1.0,740.0,-0.12,True,0.0,0.0,705.5941137736924,False,-0.2719835422447613,True,False,True,False,True,False,707.8566208272264,700.1058026926619,True,0.0,0.0,0.0,1.0,0.0,0.0,1.0,0.0,0.0,1.0,0.0,0.0,0.0,0.0,0.0,0.0,0.0,0.0,0.0,0.0,0.0,0.0,0.0
145,0.7692307692307693,720.0,-0.2,True,0.0,0.0,696.177593357043,False,0.0178930245909482,True,False,True,False,True,False,690.9344647730697,679.7932977234551,False,0.0,0.0,0.0,1.0,0.0,0.0,1.0,0.0,0.0,0.0,0.0,0.0,1.0,0.0,0.0,0.0,0.0,0.0,0.0,0.0,0.0,0.0,0.0
146,1.7692307692307692,730.0,-0.48,True,0.0,0.0,705.5941137736924,False,-0.3796765859726342,True,False,True,False,True,False,695.5142893172506,693.9893874974726,False,0.0,0.0,0.0,1.0,0.0,0.0,1.0,0.0,0.0,0.0,0.0,0.0,1.0,0.0,0.0,0.0,0.0,0.0,0.0,0.0,0.0,0.0,0.0
147,-1.0,600.0,0.92,False,-1.0,0.0,705.5941137736924,False,-0.2439001052530858,True,False,True,False,False,False,645.6577714401409,679.7932977234551,True,0.0,0.0,1.0,0.0,0.0,0.0,1.0,0.0,0.0,0.0,0.0,0.0,0.0,0.0,0.0,0.0,0.0,0.0,1.0,0.0,0.0,0.0,0.0
148,-0.9230769230769232,600.0,0.92,False,-1.0,0.0,705.5941137736924,False,-0.2478231748158071,True,False,True,False,True,False,645.6577714401409,679.7932977234551,False,0.0,0.0,1.0,0.0,0.0,0.0,1.0,0.0,0.0,0.0,0.0,0.0,0.0,0.0,0.0,0.0,0.0,0.0,1.0,0.0,0.0,0.0,0.0
149,0.0,725.0,0.56,True,0.0,0.0,697.8854017018289,False,0.5184671323318343,False,False,False,False,False,False,645.6577714401409,679.7932977234551,False,0.0,0.0,1.0,0.0,0.0,0.0,1.0,0.0,0.0,1.0,0.0,0.0,0.0,0.0,0.0,0.0,0.0,0.0,0.0,0.0,0.0,0.0,0.0
150,0.8461538461538461,675.0,0.76,True,1.0,0.0,688.6151981170156,False,1.4909578030810449,True,False,True,False,True,False,645.6577714401409,679.7932977234551,False,0.0,0.0,0.0,1.0,0.0,0.0,1.0,0.0,0.0,0.0,0.0,1.0,0.0,0.0,0.0,0.0,0.0,0.0,0.0,0.0,0.0,0.0,0.0
151,0.0769230769230769,750.0,-0.12,True,-1.0,0.0,701.4185840255545,True,0.1680700411443881,False,False,False,False,False,False,700.2086370207389,679.7932977234551,True,0.0,0.0,0.0,1.0,0.0,0.0,1.0,0.0,0.0,0.0,0.0,0.0,1.0,0.0,0.0,0.0,0.0,0.0,0.0,0.0,0.0,0.0,0.0
152,0.0,750.0,0.88,True,0.0,1.0,695.813794201381,False,1.070519567505502,False,False,False,False,False,False,698.899400322301,679.7932977234551,False,0.0,0.0,1.0,0.0,0.0,0.0,1.0,0.0,0.0,1.0,0.0,0.0,0.0,0.0,0.0,0.0,0.0,0.0,0.0,0.0,0.0,0.0,0.0
153,1.0,700.0,-0.12,True,-1.0,0.0,705.5941137736924,False,-0.4290020093770931,False,False,False,False,False,False,686.8420598057594,693.8516165539254,True,0.0,0.0,0.0,1.0,0.0,0.0,1.0,0.0,0.0,0.0,0.0,1.0,0.0,0.0,0.0,0.0,0.0,0.0,0.0,0.0,0.0,0.0,0.0
154,1.0,750.0,-0.12,True,0.0,0.0,705.5941137736924,False,-0.1913214046502727,True,False,True,False,True,False,707.8566208272264,700.6631786637457,False,0.0,0.0,0.0,1.0,0.0,0.0,1.0,0.0,0.0,0.0,0.0,0.0,1.0,0.0,0.0,0.0,0.0,0.0,0.0,0.0,0.0,0.0,0.0
155,0.8461538461538461,730.0,-0.36,True,0.0,0.0,705.5941137736924,False,-0.2547124677064395,True,False,True,False,True,False,695.5108000843883,697.8988898163304,False,0.0,0.0,0.0,1.0,0.0,0.0,1.0,0.0,0.0,0.0,0.0,0.0,1.0,0.0,0.0,0.0,0.0,0.0,0.0,0.0,0.0,0.0,0.0
156,1.4615384615384617,650.0,0.16,True,0.0,0.0,699.6173866894447,False,0.7790642043823558,True,False,True,False,True,False,697.8699033426905,679.7932977234551,False,0.0,0.0,0.0,1.0,0.0,0.0,1.0,0.0,0.0,0.0,0.0,0.0,0.0,1.0,0.0,0.0,0.0,0.0,0.0,0.0,0.0,0.0,0.0
157,1.0769230769230769,730.0,0.24,True,0.0,0.0,705.5941137736924,False,-0.2118457563869486,True,False,True,False,True,False,707.8566208272264,700.6631786637457,False,0.0,0.0,0.0,1.0,0.0,0.0,1.0,0.0,0.0,1.0,0.0,0.0,0.0,0.0,0.0,0.0,0.0,0.0,0.0,0.0,0.0,0.0,0.0
158,1.0,720.0,-0.28,True,0.0,0.0,705.5941137736924,False,-0.2526074059898574,True,False,True,False,True,False,695.5108000843883,697.8988898163304,False,0.0,0.0,0.0,1.0,0.0,0.0,1.0,0.0,0.0,0.0,0.0,1.0,0.0,0.0,0.0,0.0,0.0,0.0,0.0,0.0,0.0,0.0,0.0
159,0.8461538461538461,720.0,-0.24,True,0.0,0.0,705.5941137736924,False,-0.2558606831882116,True,False,True,False,True,False,695.5108000843883,697.8988898163304,False,0.0,0.0,0.0,1.0,0.0,0.0,1.0,0.0,0.0,1.0,0.0,0.0,0.0,0.0,0.0,0.0,0.0,0.0,0.0,0.0,0.0,0.0,0.0
160,0.7692307692307693,750.0,-0.4,True,0.0,0.0,705.5941137736924,False,-0.3723567122763372,True,False,True,False,True,False,695.5142893172506,693.9893874974726,False,0.0,0.0,0.0,1.0,0.0,0.0,1.0,0.0,0.0,1.0,0.0,0.0,0.0,0.0,0.0,0.0,0.0,0.0,0.0,0.0,0.0,0.0,0.0
161,0.7692307692307693,730.0,-0.28,True,0.0,0.0,705.5941137736924,False,-0.2349057506458712,True,False,True,False,True,False,707.8566208272264,694.7492345375915,False,0.0,0.0,0.0,1.0,0.0,0.0,1.0,0.0,0.0,0.0,0.0,0.0,1.0,0.0,0.0,0.0,0.0,0.0,0.0,0.0,0.0,0.0,0.0
162,0.2307692307692307,730.0,-0.68,True,0.0,0.0,705.5941137736924,False,-0.3884795713328868,True,False,True,False,True,False,695.5142893172506,693.9893874974726,False,0.0,0.0,0.0,1.0,0.0,0.0,1.0,0.0,0.0,0.0,0.0,1.0,0.0,0.0,0.0,0.0,0.0,0.0,0.0,0.0,0.0,0.0,0.0
163,0.9230769230769232,670.0,0.4,True,0.0,0.0,686.0932915831607,False,0.6113769017318916,True,False,True,False,True,False,695.3531236997887,679.7932977234551,True,0.0,0.0,0.0,1.0,0.0,0.0,1.0,0.0,0.0,1.0,0.0,0.0,0.0,0.0,0.0,0.0,0.0,0.0,0.0,0.0,0.0,0.0,0.0
164,0.8461538461538461,740.0,-0.2,True,0.0,0.0,705.5941137736924,False,-0.3568558032724141,True,False,True,False,True,False,695.5142893172506,693.9893874974726,False,0.0,0.0,0.0,1.0,0.0,0.0,1.0,0.0,0.0,0.0,0.0,0.0,1.0,0.0,0.0,0.0,0.0,0.0,0.0,0.0,0.0,0.0,0.0
165,0.7692307692307693,720.0,0.48,True,0.0,0.0,699.6173866894447,False,0.8019806717060568,True,False,True,False,True,False,698.6577280272465,679.7932977234551,True,0.0,0.0,0.0,1.0,0.0,0.0,1.0,0.0,0.0,1.0,0.0,0.0,0.0,0.0,0.0,0.0,0.0,0.0,0.0,0.0,0.0,0.0,0.0
166,0.7692307692307693,750.0,0.08,True,0.0,0.0,705.5941137736924,False,-0.1875897043345134,True,False,True,False,True,False,707.8566208272264,700.6631786637457,False,0.0,0.0,0.0,1.0,0.0,0.0,1.0,0.0,0.0,0.0,0.0,0.0,0.0,1.0,0.0,0.0,0.0,0.0,0.0,0.0,0.0,0.0,0.0
167,1.0,740.0,-0.48,True,0.0,0.0,705.5941137736924,False,-0.2201224763180556,True,False,True,False,True,False,707.8566208272264,700.1058026926619,False,0.0,0.0,0.0,1.0,0.0,0.0,1.0,0.0,0.0,0.0,0.0,0.0,1.0,0.0,0.0,0.0,0.0,0.0,0.0,0.0,0.0,0.0,0.0
168,0.8461538461538461,740.0,0.12,True,0.0,0.0,705.5941137736924,False,-0.2703569036455842,True,False,True,False,True,False,707.8566208272264,700.1058026926619,True,0.0,0.0,0.0,1.0,0.0,0.0,1.0,0.0,0.0,1.0,0.0,0.0,0.0,0.0,0.0,0.0,0.0,0.0,0.0,0.0,0.0,0.0,0.0
169,-0.7692307692307693,730.0,-0.48,False,-2.0,0.0,705.5941137736924,False,-0.5486077887283514,False,False,False,False,False,False,691.1615387116915,699.6086556468033,True,0.0,0.0,0.0,0.0,0.0,1.0,1.0,0.0,0.0,0.0,0.0,0.0,0.0,0.0,0.0,0.0,0.0,0.0,1.0,0.0,0.0,0.0,0.0
170,-0.5384615384615384,620.0,0.72,True,1.0,0.0,697.3853988595729,False,0.4173284853124103,False,False,False,False,False,False,692.8594413703481,679.7932977234551,True,0.0,0.0,0.0,1.0,0.0,0.0,1.0,0.0,0.0,0.0,0.0,0.0,0.0,0.0,0.0,0.0,0.0,0.0,1.0,0.0,0.0,0.0,0.0
171,-0.3076923076923077,695.0,0.4,True,0.0,0.0,695.3531236997887,False,0.1813223614965075,False,False,False,False,False,False,693.2010741821103,679.7932977234551,False,0.0,0.0,0.0,1.0,0.0,0.0,1.0,0.0,0.0,0.0,0.0,0.0,0.0,0.0,0.0,0.0,0.0,0.0,1.0,0.0,0.0,0.0,0.0
172,-0.2307692307692307,650.0,1.52,True,1.0,0.0,693.7218364534331,False,0.8402545210984594,False,False,False,False,False,False,691.1615387116915,679.7932977234551,True,0.0,0.0,0.0,1.0,0.0,0.0,1.0,0.0,0.0,0.0,0.0,0.0,0.0,0.0,0.0,0.0,0.0,0.0,1.0,0.0,0.0,0.0,0.0
173,-0.6923076923076923,675.0,0.44,True,0.0,0.0,699.6173866894447,False,0.8678595349727298,False,False,False,False,False,False,690.5989046948504,679.7932977234551,True,0.0,0.0,0.0,1.0,0.0,0.0,1.0,0.0,0.0,0.0,0.0,0.0,0.0,0.0,0.0,0.0,0.0,0.0,1.0,0.0,0.0,0.0,0.0
174,0.0,695.0,0.32,True,0.0,0.0,705.5941137736924,False,-0.1835709501483111,False,False,False,False,False,False,697.3705174848837,693.2010741821103,False,0.0,0.0,0.0,1.0,0.0,0.0,1.0,0.0,0.0,0.0,0.0,0.0,0.0,0.0,0.0,0.0,0.0,0.0,1.0,0.0,0.0,0.0,0.0
175,-0.6153846153846154,750.0,2.16,True,0.0,1.0,697.3853988595729,False,0.3952731796000382,False,False,False,False,False,False,691.1615387116915,679.7932977234551,True,0.0,0.0,0.0,1.0,0.0,0.0,1.0,0.0,0.0,0.0,0.0,0.0,0.0,0.0,0.0,1.0,0.0,0.0,0.0,0.0,0.0,0.0,0.0
176,-0.3076923076923077,675.0,-0.88,False,-1.0,0.0,705.5941137736924,True,-0.5408573342263898,True,False,False,False,False,False,645.6577714401409,679.7932977234551,False,0.0,0.0,0.0,1.0,0.0,0.0,1.0,0.0,0.0,0.0,0.0,0.0,0.0,0.0,0.0,0.0,0.0,0.0,1.0,0.0,0.0,0.0,0.0
177,0.6153846153846154,730.0,0.12,False,1.0,0.0,697.3853988595729,False,0.4035498995311453,False,False,True,False,True,False,692.8594413703481,679.7932977234551,False,0.0,0.0,0.0,1.0,0.0,0.0,1.0,0.0,0.0,0.0,0.0,0.0,1.0,0.0,0.0,0.0,0.0,0.0,0.0,0.0,0.0,0.0,0.0
178,0.0769230769230769,690.0,1.12,True,0.0,0.0,697.3853988595729,False,0.4058463304946895,False,False,False,False,False,False,692.8594413703481,679.7932977234551,True,0.0,0.0,0.0,1.0,0.0,0.0,1.0,0.0,0.0,0.0,0.0,0.0,0.0,0.0,0.0,0.0,0.0,0.0,1.0,0.0,0.0,0.0,0.0
179,-0.4615384615384615,750.0,-0.48,False,-1.0,0.0,705.5941137736924,True,-0.3459955985073198,False,False,True,False,False,False,689.1514921917221,695.1467635799776,False,0.0,0.0,0.0,1.0,0.0,0.0,1.0,0.0,0.0,0.0,0.0,0.0,0.0,0.0,0.0,0.0,0.0,0.0,0.0,1.0,0.0,0.0,0.0
180,0.0769230769230769,600.0,-1.0,True,-2.0,0.0,705.5941137736924,True,-0.2868625011960578,False,False,False,False,False,False,695.5108000843883,680.8407691176255,True,0.0,0.0,0.0,0.0,0.0,1.0,1.0,0.0,0.0,1.0,0.0,0.0,0.0,0.0,0.0,0.0,0.0,0.0,0.0,0.0,0.0,0.0,0.0
181,0.6153846153846154,723.0,-1.28,True,-2.0,0.0,697.6936662706468,True,0.2130896564922017,True,True,True,False,False,False,697.6936662706468,679.7932977234551,True,0.0,0.0,0.0,0.0,0.0,1.0,0.0,1.0,0.0,0.0,0.0,0.0,0.0,0.0,0.0,0.0,0.0,0.0,1.0,0.0,0.0,0.0,0.0
182,0.6923076923076923,725.0,-0.28,True,-1.0,0.0,705.5941137736924,True,-0.086977322744235,False,False,True,False,False,False,695.5108000843883,693.5059395678978,True,0.0,0.0,0.0,1.0,0.0,0.0,1.0,0.0,0.0,1.0,0.0,0.0,0.0,0.0,0.0,0.0,0.0,0.0,0.0,0.0,0.0,0.0,0.0
183,-0.3076923076923077,750.0,0.4,True,1.0,0.0,696.177593357043,False,-0.0317672949956941,True,False,True,False,True,False,645.6577714401409,679.7932977234551,True,0.0,0.0,0.0,1.0,0.0,0.0,1.0,0.0,0.0,0.0,0.0,0.0,0.0,0.0,0.0,0.0,0.0,0.0,1.0,0.0,0.0,0.0,0.0
184,-0.3076923076923077,600.0,-0.48,True,0.0,0.0,680.8407691176255,False,1.3722131853411157,False,False,False,False,True,False,645.6577714401409,679.7932977234551,False,0.0,0.0,0.0,1.0,0.0,0.0,1.0,0.0,0.0,0.0,0.0,0.0,0.0,0.0,0.0,0.0,0.0,0.0,1.0,0.0,0.0,0.0,0.0
185,1.6923076923076923,750.0,0.52,True,1.0,0.0,701.0271662958082,False,0.1110420055497081,False,False,False,False,False,False,700.3570402720752,679.7932977234551,False,0.0,0.0,0.0,1.0,0.0,0.0,1.0,0.0,0.0,0.0,0.0,1.0,0.0,0.0,0.0,0.0,0.0,0.0,0.0,0.0,0.0,0.0,0.0
186,-1.0769230769230769,450.0,0.12,True,-1.0,0.0,665.5644000706862,False,1.9575638694861737,False,False,False,False,False,False,645.6577714401409,679.7932977234551,False,0.0,0.0,0.0,0.0,1.0,0.0,1.0,0.0,0.0,0.0,0.0,0.0,0.0,0.0,0.0,0.0,0.0,0.0,1.0,0.0,0.0,0.0,0.0
187,0.5384615384615384,720.0,-0.12,True,-1.0,0.0,705.5941137736924,False,-0.4317768634580423,True,False,True,False,True,False,701.6494557290996,695.0535385086307,False,0.0,0.0,0.0,1.0,0.0,0.0,1.0,0.0,0.0,0.0,0.0,0.0,0.0,0.0,0.0,0.0,0.0,0.0,0.0,1.0,0.0,0.0,0.0
188,-0.9230769230769232,550.0,0.72,True,0.0,1.0,665.5644000706862,False,1.957994450291838,False,False,False,False,False,False,645.6577714401409,679.7932977234551,False,0.0,0.0,0.0,0.0,1.0,0.0,1.0,0.0,0.0,0.0,0.0,0.0,0.0,0.0,0.0,0.0,0.0,0.0,1.0,0.0,0.0,0.0,0.0
189,0.7692307692307693,720.0,-0.32,False,1.0,0.0,705.5941137736924,False,-0.1870634389053679,True,False,True,False,True,False,707.8566208272264,695.0535385086307,False,0.0,0.0,0.0,1.0,0.0,0.0,1.0,0.0,0.0,0.0,0.0,0.0,1.0,0.0,0.0,0.0,0.0,0.0,0.0,0.0,0.0,0.0,0.0
190,1.3846153846153846,740.0,0.32,True,1.0,0.0,705.5941137736924,False,-0.1855324849296718,False,False,False,False,False,False,697.3705174848837,698.899400322301,True,0.0,0.0,0.0,1.0,0.0,0.0,1.0,0.0,0.0,1.0,0.0,0.0,0.0,0.0,0.0,0.0,0.0,0.0,0.0,0.0,0.0,0.0,0.0
191,4.0,660.0,3.92,False,1.0,1.0,681.7049714102249,False,1.3777628935030142,True,False,True,False,False,False,645.6577714401409,679.7932977234551,True,0.0,0.0,0.0,1.0,0.0,0.0,1.0,0.0,0.0,0.0,0.0,0.0,0.0,0.0,0.0,0.0,0.0,0.0,1.0,0.0,0.0,0.0,0.0
192,0.4615384615384615,720.0,-0.04,False,0.0,0.0,705.5941137736924,False,-0.2693522150990335,True,False,True,False,True,False,707.8566208272264,700.1058026926619,False,0.0,0.0,0.0,1.0,0.0,0.0,1.0,0.0,0.0,0.0,0.0,0.0,0.0,1.0,0.0,0.0,0.0,0.0,0.0,0.0,0.0,0.0,0.0
193,0.1538461538461538,650.0,-1.04,False,-1.0,0.0,705.5941137736924,False,-0.5317194526839537,False,False,False,False,False,False,691.1615387116915,690.2450997417588,False,0.0,0.0,0.0,1.0,0.0,0.0,1.0,0.0,0.0,0.0,0.0,0.0,1.0,0.0,0.0,0.0,0.0,0.0,0.0,0.0,0.0,0.0,0.0
194,0.6153846153846154,650.0,1.56,True,0.0,0.0,681.7049714102249,False,1.5133480049756003,True,False,True,False,True,False,690.9696482031048,679.7932977234551,False,0.0,0.0,0.0,1.0,0.0,0.0,1.0,0.0,0.0,0.0,0.0,0.0,1.0,0.0,0.0,0.0,0.0,0.0,0.0,0.0,0.0,0.0,0.0
195,0.6923076923076923,660.0,4.44,False,2.0,1.0,681.7049714102249,False,1.3826428093005454,True,False,True,False,True,False,688.6472775794055,679.7932977234551,True,0.0,0.0,0.0,1.0,0.0,0.0,1.0,0.0,0.0,0.0,0.0,0.0,1.0,0.0,0.0,0.0,0.0,0.0,0.0,0.0,0.0,0.0,0.0
196,-0.0769230769230769,690.0,0.28,True,0.0,0.0,699.6173866894447,False,0.876136254903837,False,False,False,False,False,False,689.6790811037692,679.7932977234551,False,0.0,0.0,0.0,1.0,0.0,0.0,1.0,0.0,0.0,0.0,0.0,0.0,0.0,0.0,0.0,0.0,0.0,0.0,0.0,1.0,0.0,0.0,0.0
197,0.3076923076923077,750.0,-1.28,True,-2.0,0.0,705.5941137736924,False,-0.4374700985551621,False,False,True,False,False,False,697.1262620110448,700.3570402720752,True,0.0,0.0,0.0,0.0,0.0,1.0,1.0,0.0,0.0,0.0,0.0,0.0,0.0,0.0,1.0,0.0,0.0,0.0,0.0,0.0,0.0,0.0,0.0
198,0.6923076923076923,725.0,-0.48,True,-1.0,0.0,705.5941137736924,True,-0.0867381111855324,False,False,True,False,False,False,695.5108000843883,693.5059395678978,True,0.0,0.0,0.0,1.0,0.0,0.0,1.0,0.0,0.0,0.0,0.0,1.0,0.0,0.0,0.0,0.0,0.0,0.0,0.0,0.0,0.0,0.0,0.0
199,0.8461538461538461,620.0,1.12,False,-1.0,0.0,689.0798550358614,False,0.3562338532197875,True,False,True,False,True,False,686.3005068205638,679.7932977234551,True,0.0,0.0,0.0,1.0,0.0,0.0,1.0,0.0,0.0,0.0,0.0,0.0,0.0,0.0,0.0,0.0,0.0,0.0,0.0,1.0,0.0,0.0,0.0
200,0.3846153846153846,590.0,-0.2,True,-1.0,0.0,679.5396843739956,False,1.5407616496029088,False,False,False,False,False,False,645.6577714401409,679.7932977234551,False,0.0,0.0,0.0,1.0,0.0,0.0,1.0,0.0,0.0,0.0,0.0,0.0,0.0,0.0,0.0,0.0,0.0,0.0,0.0,1.0,0.0,0.0,0.0
201,-0.3846153846153846,750.0,0.92,True,-2.0,0.0,701.0271662958082,False,0.4065161228590565,False,False,False,False,False,False,700.3570402720752,679.7932977234551,True,0.0,0.0,0.0,0.0,1.0,0.0,1.0,0.0,0.0,1.0,0.0,0.0,0.0,0.0,0.0,0.0,0.0,0.0,0.0,0.0,0.0,0.0,0.0
202,0.3076923076923077,720.0,-0.84,True,-2.0,0.0,705.5941137736924,False,-0.3036073103052339,False,False,False,False,True,False,698.060183306633,696.4537860411854,True,0.0,0.0,0.0,0.0,0.0,1.0,1.0,0.0,0.0,0.0,0.0,1.0,0.0,0.0,0.0,0.0,0.0,0.0,0.0,0.0,0.0,0.0,0.0
203,-0.3076923076923077,700.0,1.0,True,0.0,0.0,690.3883364282716,False,1.4420629604822506,False,False,False,False,False,False,690.3883364282716,679.7932977234551,False,0.0,0.0,0.0,1.0,0.0,0.0,1.0,0.0,0.0,0.0,0.0,0.0,1.0,0.0,0.0,0.0,0.0,0.0,0.0,0.0,0.0,0.0,0.0
204,-0.0769230769230769,692.0,1.04,True,0.0,1.0,693.2144366693383,True,0.3814467515070328,False,True,True,False,False,False,695.6128830213358,679.7932977234551,True,0.0,0.0,0.0,1.0,0.0,0.0,0.0,1.0,0.0,0.0,0.0,0.0,0.0,0.0,0.0,0.0,0.0,0.0,1.0,0.0,0.0,0.0,0.0
205,-0.0769230769230769,670.0,0.88,True,0.0,1.0,693.2144366693383,True,0.3814467515070328,False,True,True,False,False,False,695.6128830213358,679.7932977234551,True,0.0,0.0,0.0,1.0,0.0,0.0,0.0,1.0,0.0,0.0,0.0,0.0,0.0,0.0,0.0,0.0,0.0,0.0,1.0,0.0,0.0,0.0,0.0
206,-0.4615384615384615,609.0,-0.04,True,-1.0,0.0,699.6173866894447,True,0.8547028992440915,False,True,True,False,False,False,682.0117453868926,679.7932977234551,True,0.0,0.0,0.0,1.0,0.0,0.0,0.0,1.0,0.0,0.0,0.0,0.0,0.0,0.0,0.0,0.0,0.0,0.0,0.0,1.0,0.0,0.0,0.0
207,-0.0769230769230769,718.0,1.16,True,0.0,1.0,693.2144366693383,True,0.3814467515070328,False,True,True,False,False,False,695.6128830213358,679.7932977234551,True,0.0,0.0,0.0,1.0,0.0,0.0,0.0,1.0,0.0,0.0,0.0,0.0,0.0,0.0,0.0,0.0,0.0,0.0,1.0,0.0,0.0,0.0,0.0
208,-0.0769230769230769,694.0,0.96,True,0.0,1.0,693.2144366693383,True,0.3814467515070328,False,True,True,False,False,False,695.6128830213358,679.7932977234551,True,0.0,0.0,0.0,1.0,0.0,0.0,0.0,1.0,0.0,0.0,0.0,0.0,0.0,0.0,0.0,0.0,0.0,0.0,1.0,0.0,0.0,0.0,0.0
209,-0.0769230769230769,658.0,0.84,True,0.0,1.0,693.2144366693383,True,0.3814467515070328,False,True,True,False,False,False,695.6128830213358,679.7932977234551,True,0.0,0.0,0.0,1.0,0.0,0.0,0.0,1.0,0.0,0.0,0.0,0.0,0.0,0.0,0.0,0.0,0.0,0.0,1.0,0.0,0.0,0.0,0.0
210,-0.6923076923076923,750.0,-0.84,False,0.0,0.0,705.5941137736924,True,-0.4162759544541192,False,False,False,False,False,False,689.1514921917221,690.3883364282716,True,0.0,0.0,0.0,1.0,0.0,0.0,1.0,0.0,0.0,0.0,0.0,1.0,0.0,0.0,0.0,0.0,0.0,0.0,0.0,0.0,0.0,0.0,0.0
211,-0.0769230769230769,723.0,1.24,True,0.0,1.0,693.2144366693383,True,0.3814467515070328,False,True,True,False,False,False,695.6128830213358,679.7932977234551,True,0.0,0.0,0.0,1.0,0.0,0.0,0.0,1.0,0.0,0.0,0.0,0.0,0.0,0.0,0.0,0.0,0.0,0.0,1.0,0.0,0.0,0.0,0.0
212,-0.0769230769230769,728.0,1.36,True,0.0,1.0,693.2144366693383,True,0.3814467515070328,False,True,True,False,False,False,695.6128830213358,679.7932977234551,True,0.0,0.0,0.0,1.0,0.0,0.0,0.0,1.0,0.0,0.0,0.0,0.0,0.0,0.0,0.0,0.0,0.0,0.0,1.0,0.0,0.0,0.0,0.0
213,-0.3076923076923077,650.0,-1.16,True,-2.0,0.0,705.5941137736924,False,-0.3540809491914649,False,False,False,False,True,False,689.1514921917221,695.1467635799776,False,0.0,0.0,0.0,0.0,0.0,1.0,1.0,0.0,0.0,0.0,0.0,0.0,0.0,0.0,0.0,0.0,0.0,0.0,0.0,1.0,0.0,0.0,0.0
214,0.2307692307692307,750.0,0.12,False,0.0,0.0,699.6173866894447,False,0.8296813702038083,True,False,False,False,False,False,697.480889673296,679.7932977234551,False,0.0,0.0,0.0,1.0,0.0,0.0,1.0,0.0,0.0,1.0,0.0,0.0,0.0,0.0,0.0,0.0,0.0,0.0,0.0,0.0,0.0,0.0,0.0
215,0.7692307692307693,735.0,0.12,True,1.0,0.0,697.3853988595729,False,0.4097694000574107,True,False,True,False,True,False,697.1262620110448,679.7932977234551,False,0.0,0.0,0.0,1.0,0.0,0.0,1.0,0.0,0.0,0.0,0.0,0.0,0.0,1.0,0.0,0.0,0.0,0.0,0.0,0.0,0.0,0.0,0.0
216,0.3076923076923077,699.0,0.84,True,0.0,0.0,699.1103969045737,True,0.7350014352693522,False,False,False,False,False,False,691.1615387116915,679.7932977234551,False,0.0,0.0,0.0,0.0,1.0,0.0,1.0,0.0,0.0,0.0,0.0,1.0,0.0,0.0,0.0,0.0,0.0,0.0,0.0,0.0,0.0,0.0,0.0
217,0.6153846153846154,725.0,0.4,True,1.0,0.0,697.3705174848837,False,0.232992058176251,True,False,True,False,True,False,691.1615387116915,679.7932977234551,False,0.0,0.0,0.0,1.0,0.0,0.0,1.0,0.0,0.0,0.0,0.0,0.0,0.0,1.0,0.0,0.0,0.0,0.0,0.0,0.0,0.0,0.0,0.0
218,0.0769230769230769,740.0,0.8,True,1.0,1.0,699.6173866894447,False,0.768538895799445,True,False,True,False,True,False,697.8699033426905,679.7932977234551,True,0.0,0.0,0.0,1.0,0.0,0.0,1.0,0.0,0.0,0.0,0.0,0.0,0.0,0.0,0.0,0.0,0.0,0.0,0.0,1.0,0.0,0.0,0.0
219,0.0,720.0,0.64,True,-1.0,0.0,695.813794201381,True,1.073581475456894,False,False,True,False,False,False,698.899400322301,679.7932977234551,True,0.0,0.0,0.0,1.0,0.0,0.0,1.0,0.0,0.0,0.0,0.0,1.0,0.0,0.0,0.0,0.0,0.0,0.0,0.0,0.0,0.0,0.0,0.0
220,0.0769230769230769,750.0,0.88,True,1.0,0.0,696.177593357043,True,-0.0283704908621184,False,False,False,False,False,False,700.3570402720752,679.7932977234551,True,0.0,0.0,0.0,1.0,0.0,0.0,1.0,0.0,0.0,0.0,0.0,0.0,0.0,0.0,0.0,0.0,0.0,0.0,0.0,0.0,1.0,0.0,0.0
221,0.7692307692307693,710.0,0.36,True,1.0,0.0,697.3853988595729,False,0.3955123911587408,True,False,True,False,True,False,697.1262620110448,679.7932977234551,False,0.0,0.0,0.0,1.0,0.0,0.0,1.0,0.0,0.0,0.0,0.0,0.0,0.0,1.0,0.0,0.0,0.0,0.0,0.0,0.0,0.0,0.0,0.0
222,1.6923076923076923,725.0,0.2,True,0.0,0.0,705.5941137736924,False,-0.2187828915893216,True,False,False,False,True,False,691.5060492022334,690.1621384476521,False,0.0,0.0,0.0,1.0,0.0,0.0,1.0,0.0,0.0,0.0,0.0,0.0,1.0,0.0,0.0,0.0,0.0,0.0,0.0,0.0,0.0,0.0,0.0
223,0.1538461538461538,750.0,-0.44,False,-1.0,0.0,705.5941137736924,True,-0.3177207922686824,False,False,False,False,False,False,701.6494557290996,697.1262620110448,False,0.0,0.0,0.0,1.0,0.0,0.0,1.0,0.0,0.0,0.0,0.0,0.0,0.0,0.0,0.0,0.0,0.0,0.0,0.0,1.0,0.0,0.0,0.0
224,0.9230769230769232,750.0,0.16,True,0.0,0.0,705.5941137736924,True,-0.4382355755430102,False,False,False,False,False,False,701.6494557290996,701.0271662958082,True,0.0,0.0,0.0,1.0,0.0,0.0,1.0,0.0,0.0,1.0,0.0,0.0,0.0,0.0,0.0,0.0,0.0,0.0,0.0,0.0,0.0,0.0,0.0
225,0.6153846153846154,730.0,4.16,True,2.0,0.0,681.7049714102249,False,1.523203521194144,True,False,True,False,True,False,690.9696482031048,679.7932977234551,False,0.0,0.0,0.0,1.0,0.0,0.0,1.0,0.0,0.0,0.0,0.0,0.0,1.0,0.0,0.0,0.0,0.0,0.0,0.0,0.0,0.0,0.0,0.0
226,0.3846153846153846,720.0,2.12,False,0.0,0.0,697.3853988595729,False,0.435173667591618,True,False,True,False,True,False,696.4537860411854,679.7932977234551,True,0.0,0.0,0.0,1.0,0.0,0.0,1.0,0.0,0.0,0.0,0.0,0.0,0.0,0.0,0.0,0.0,0.0,0.0,1.0,0.0,0.0,0.0,0.0
227,0.6153846153846154,720.0,-0.36,False,0.0,0.0,705.5941137736924,False,-0.4195770739642139,True,False,True,False,True,False,695.5142893172506,690.4195805561246,False,0.0,0.0,0.0,1.0,0.0,0.0,1.0,0.0,0.0,0.0,0.0,0.0,0.0,0.0,0.0,0.0,0.0,0.0,0.0,1.0,0.0,0.0,0.0
228,1.0,700.0,0.0,False,0.0,0.0,705.5941137736924,False,-0.1871112812171084,True,False,True,False,True,False,707.8566208272264,695.0535385086307,False,0.0,0.0,0.0,1.0,0.0,0.0,1.0,0.0,0.0,0.0,0.0,0.0,0.0,1.0,0.0,0.0,0.0,0.0,0.0,0.0,0.0,0.0,0.0
229,-0.0769230769230769,750.0,0.72,True,0.0,1.0,697.8854017018289,False,0.5671706056836666,False,False,False,False,False,False,645.6577714401409,679.7932977234551,False,0.0,0.0,1.0,0.0,0.0,0.0,1.0,0.0,0.0,1.0,0.0,0.0,0.0,0.0,0.0,0.0,0.0,0.0,0.0,0.0,0.0,0.0,0.0
230,0.4615384615384615,610.0,-1.24,False,-2.0,0.0,705.5941137736924,False,-0.333843651325232,True,False,True,False,True,False,689.1514921917221,695.1467635799776,True,0.0,0.0,0.0,0.0,0.0,1.0,1.0,0.0,0.0,0.0,0.0,0.0,1.0,0.0,0.0,0.0,0.0,0.0,0.0,0.0,0.0,0.0,0.0
231,0.3846153846153846,740.0,-0.2,False,0.0,0.0,697.3705174848837,False,0.2489713902975791,True,False,True,False,True,False,691.1615387116915,679.7932977234551,False,0.0,0.0,0.0,1.0,0.0,0.0,1.0,0.0,0.0,0.0,0.0,0.0,0.0,1.0,0.0,0.0,0.0,0.0,0.0,0.0,0.0,0.0,0.0
232,1.0,715.0,0.2,True,0.0,0.0,699.1103969045737,False,0.6811309922495455,False,False,False,False,True,False,697.8355173355473,679.7932977234551,True,0.0,0.0,0.0,1.0,0.0,0.0,1.0,0.0,0.0,0.0,0.0,0.0,0.0,0.0,0.0,0.0,0.0,0.0,0.0,1.0,0.0,0.0,0.0
233,0.6153846153846154,550.0,0.0,False,0.0,0.0,681.7049714102249,False,1.492680126303703,True,False,True,False,True,False,670.8838150044546,679.7932977234551,False,0.0,0.0,0.0,1.0,0.0,0.0,1.0,0.0,0.0,0.0,0.0,0.0,0.0,0.0,0.0,0.0,0.0,0.0,0.0,1.0,0.0,0.0,0.0
234,1.9230769230769231,710.0,-0.84,True,-1.0,0.0,705.5941137736924,False,-0.5265524830159793,True,False,True,False,True,False,698.4230775594249,693.2793954075133,False,0.0,0.0,0.0,1.0,0.0,0.0,1.0,0.0,0.0,0.0,0.0,0.0,0.0,0.0,0.0,0.0,0.0,0.0,0.0,1.0,0.0,0.0,0.0
235,0.4615384615384615,730.0,-0.24,True,0.0,0.0,705.5941137736924,False,-0.2022772940388479,True,False,True,False,True,False,707.8566208272264,700.6631786637457,False,0.0,0.0,0.0,1.0,0.0,0.0,1.0,0.0,0.0,0.0,0.0,1.0,0.0,0.0,0.0,0.0,0.0,0.0,0.0,0.0,0.0,0.0,0.0
236,0.0769230769230769,750.0,-1.36,True,-2.0,0.0,705.5941137736924,False,-0.5240646828054731,True,False,False,False,False,False,691.1615387116915,700.3570402720752,True,0.0,0.0,0.0,0.0,0.0,1.0,1.0,0.0,0.0,0.0,0.0,0.0,0.0,0.0,0.0,0.0,0.0,1.0,0.0,0.0,0.0,0.0,0.0
237,0.5384615384615384,690.0,-0.96,False,-1.0,0.0,705.5941137736924,False,-0.3391541479284279,True,False,True,False,True,False,689.1514921917221,695.1467635799776,True,0.0,0.0,0.0,1.0,0.0,0.0,1.0,0.0,0.0,0.0,0.0,0.0,1.0,0.0,0.0,0.0,0.0,0.0,0.0,0.0,0.0,0.0,0.0
238,0.9230769230769232,740.0,0.64,True,1.0,0.0,697.3853988595729,False,0.4553152808343699,True,False,True,False,True,False,697.480889673296,679.7932977234551,True,0.0,0.0,0.0,1.0,0.0,0.0,1.0,0.0,0.0,0.0,0.0,0.0,0.0,1.0,0.0,0.0,0.0,0.0,0.0,0.0,0.0,0.0,0.0
239,1.3846153846153846,750.0,0.36,True,-1.0,0.0,705.5941137736924,False,-0.3202564347909291,True,False,True,False,True,False,689.1514921917221,695.1467635799776,True,0.0,0.0,1.0,0.0,0.0,0.0,1.0,0.0,0.0,0.0,0.0,0.0,0.0,0.0,0.0,0.0,0.0,0.0,0.0,1.0,0.0,0.0,0.0
240,0.6923076923076923,720.0,-0.52,False,1.0,0.0,705.5941137736924,False,-0.1983063821643861,True,False,True,False,True,False,707.8566208272264,700.6631786637457,False,0.0,0.0,0.0,1.0,0.0,0.0,1.0,0.0,0.0,0.0,0.0,1.0,0.0,0.0,0.0,0.0,0.0,0.0,0.0,0.0,0.0,0.0,0.0
241,0.5384615384615384,475.0,0.88,True,0.0,1.0,664.5772098222509,False,1.5671227633719262,False,False,False,False,False,False,645.6577714401409,679.7932977234551,True,0.0,0.0,0.0,1.0,0.0,0.0,1.0,0.0,0.0,0.0,0.0,1.0,0.0,0.0,0.0,0.0,0.0,0.0,0.0,0.0,0.0,0.0,0.0
242,0.4615384615384615,740.0,-0.64,True,0.0,0.0,705.5941137736924,False,-0.3604439766529518,True,False,True,False,True,False,695.5142893172506,693.9893874974726,False,0.0,0.0,0.0,1.0,0.0,0.0,1.0,0.0,0.0,0.0,0.0,1.0,0.0,0.0,0.0,0.0,0.0,0.0,0.0,0.0,0.0,0.0,0.0
243,0.8461538461538461,740.0,0.0,True,-1.0,0.0,705.5941137736924,False,-0.4152234235958281,True,False,True,False,True,False,691.5060492022334,699.0559555284453,True,0.0,0.0,0.0,1.0,0.0,0.0,1.0,0.0,0.0,1.0,0.0,0.0,0.0,0.0,0.0,0.0,0.0,0.0,0.0,0.0,0.0,0.0,0.0
244,1.0,740.0,0.2,True,0.0,0.0,699.1103969045737,False,0.6970146397473926,False,False,False,False,True,False,697.8355173355473,679.7932977234551,True,0.0,0.0,0.0,1.0,0.0,0.0,1.0,0.0,0.0,1.0,0.0,0.0,0.0,0.0,0.0,0.0,0.0,0.0,0.0,0.0,0.0,0.0,0.0
245,2.076923076923077,700.0,0.68,False,0.0,0.0,696.177593357043,False,-0.1134341211367333,True,False,True,False,True,False,693.8516165539254,679.7932977234551,False,0.0,0.0,0.0,1.0,0.0,0.0,1.0,0.0,0.0,0.0,0.0,0.0,0.0,1.0,0.0,0.0,0.0,0.0,0.0,0.0,0.0,0.0,0.0
246,0.1538461538461538,730.0,-0.88,False,-1.0,0.0,705.5941137736924,False,-0.5531049660319587,False,False,False,False,False,False,691.1615387116915,698.5288208720782,True,0.0,0.0,0.0,1.0,0.0,0.0,1.0,0.0,0.0,0.0,0.0,1.0,0.0,0.0,0.0,0.0,0.0,0.0,0.0,0.0,0.0,0.0,0.0
247,0.3846153846153846,700.0,-1.16,True,-2.0,0.0,705.5941137736924,False,-0.1253946990718591,False,False,False,False,False,False,699.9349631897439,693.8516165539254,True,0.0,0.0,0.0,0.0,0.0,1.0,1.0,0.0,0.0,0.0,0.0,0.0,1.0,0.0,0.0,0.0,0.0,0.0,0.0,0.0,0.0,0.0,0.0
248,0.6153846153846154,600.0,4.92,False,1.0,1.0,680.8407691176255,False,1.1109941632379676,False,False,False,False,False,False,645.6577714401409,679.7932977234551,False,1.0,0.0,0.0,0.0,0.0,0.0,1.0,0.0,0.0,0.0,0.0,0.0,0.0,0.0,0.0,0.0,0.0,0.0,1.0,0.0,0.0,0.0,0.0
249,0.2307692307692307,750.0,2.08,True,0.0,1.0,686.0932915831607,False,0.580518610659267,False,False,False,False,False,False,686.0141905645556,679.7932977234551,True,0.0,0.0,0.0,1.0,0.0,0.0,1.0,0.0,0.0,0.0,0.0,0.0,1.0,0.0,0.0,0.0,0.0,0.0,0.0,0.0,0.0,0.0,0.0
250,-0.3076923076923077,749.0,-0.76,True,-1.0,0.0,705.5941137736924,True,-0.2782030427710267,False,False,False,False,True,False,701.6494557290996,697.4099641408458,True,0.0,0.0,0.0,1.0,0.0,0.0,1.0,0.0,0.0,0.0,0.0,1.0,0.0,0.0,0.0,0.0,0.0,0.0,0.0,0.0,0.0,0.0,0.0
251,-1.0,700.0,-1.08,False,-2.0,0.0,705.5941137736924,False,-0.4741173093483877,False,False,False,False,False,False,695.3159460094015,692.516102401779,True,0.0,0.0,0.0,0.0,0.0,1.0,1.0,0.0,0.0,0.0,0.0,0.0,0.0,0.0,0.0,0.0,0.0,0.0,0.0,1.0,0.0,0.0,0.0
252,-0.3846153846153846,667.0,0.52,True,-1.0,0.0,697.3853988595729,True,0.4240742512678213,False,False,False,False,False,False,689.5580368999464,679.7932977234551,True,0.0,0.0,0.0,1.0,0.0,0.0,1.0,0.0,0.0,0.0,0.0,0.0,0.0,0.0,0.0,0.0,0.0,1.0,0.0,0.0,0.0,0.0,0.0
253,0.1538461538461538,725.0,-0.48,False,-1.0,0.0,705.5941137736924,False,-0.0920007654769878,False,False,False,False,False,False,695.5108000843883,693.5059395678978,True,0.0,0.0,0.0,1.0,0.0,0.0,1.0,0.0,0.0,1.0,0.0,0.0,0.0,0.0,0.0,0.0,0.0,0.0,0.0,0.0,0.0,0.0,0.0
254,0.0769230769230769,550.0,0.52,True,1.0,0.0,665.5644000706862,False,1.6875897043345134,False,False,False,False,False,False,645.6577714401409,679.7932977234551,False,0.0,0.0,0.0,0.0,1.0,0.0,1.0,0.0,0.0,0.0,0.0,0.0,1.0,0.0,0.0,0.0,0.0,0.0,0.0,0.0,0.0,0.0,0.0
255,0.6923076923076923,695.0,-0.08,True,1.0,0.0,697.3853988595729,False,0.3561381685963066,True,False,True,False,True,False,693.2010741821103,679.7932977234551,False,0.0,0.0,0.0,1.0,0.0,0.0,1.0,0.0,0.0,0.0,0.0,0.0,0.0,1.0,0.0,0.0,0.0,0.0,0.0,0.0,0.0,0.0,0.0
256,1.1538461538461535,750.0,1.92,True,1.0,0.0,701.0271662958082,False,0.788871878289159,False,False,False,False,False,False,645.6577714401409,679.7932977234551,False,0.0,0.0,0.0,1.0,0.0,0.0,1.0,0.0,0.0,1.0,0.0,0.0,0.0,0.0,0.0,0.0,0.0,0.0,0.0,0.0,0.0,0.0,0.0
257,0.3076923076923077,699.0,-0.2,True,-1.0,0.0,705.5941137736924,True,-0.2501674480910917,False,False,False,False,False,False,695.5142893172506,691.3463721466259,True,0.0,0.0,0.0,1.0,0.0,0.0,1.0,0.0,0.0,0.0,0.0,0.0,1.0,0.0,0.0,0.0,0.0,0.0,0.0,0.0,0.0,0.0,0.0
258,-0.1538461538461538,750.0,-1.0,True,-2.0,0.0,705.5941137736924,False,-0.3499665103817816,True,False,False,False,False,False,698.060183306633,697.480889673296,True,0.0,0.0,0.0,0.0,0.0,1.0,1.0,0.0,0.0,0.0,1.0,0.0,0.0,0.0,0.0,0.0,0.0,0.0,0.0,0.0,0.0,0.0,0.0
259,-0.4615384615384615,730.0,0.92,True,1.0,0.0,695.813794201381,False,1.122045737250024,False,False,False,False,False,False,697.7548707848152,679.7932977234551,False,0.0,0.0,0.0,1.0,0.0,0.0,1.0,0.0,0.0,0.0,0.0,0.0,0.0,1.0,0.0,0.0,0.0,0.0,0.0,0.0,0.0,0.0,0.0
260,0.5384615384615384,710.0,-1.08,True,-1.0,0.0,705.5941137736924,False,-0.5341594105827193,True,False,True,False,True,False,691.1615387116915,690.2450997417588,False,0.0,0.0,0.0,1.0,0.0,0.0,1.0,0.0,0.0,0.0,0.0,0.0,0.0,0.0,0.0,0.0,0.0,0.0,0.0,1.0,0.0,0.0,0.0
261,0.0,650.0,0.04,True,-1.0,0.0,705.5941137736924,True,-0.3060472682039996,False,False,False,False,False,False,695.5142893172506,691.3463721466259,True,0.0,0.0,0.0,1.0,0.0,0.0,1.0,0.0,0.0,0.0,0.0,0.0,0.0,1.0,0.0,0.0,0.0,0.0,0.0,0.0,0.0,0.0,0.0
262,-0.0769230769230769,600.0,0.12,False,0.0,1.0,680.8407691176255,True,0.5480336809874653,True,False,False,False,False,False,691.1615387116915,679.7932977234551,True,0.0,1.0,0.0,0.0,0.0,0.0,0.0,0.0,1.0,0.0,0.0,0.0,0.0,0.0,0.0,0.0,0.0,0.0,1.0,0.0,0.0,0.0,0.0
263,0.6153846153846154,740.0,-0.64,True,0.0,0.0,705.5941137736924,False,-0.1895990814276145,True,False,True,False,True,False,698.1216488348642,700.2023806780819,False,0.0,0.0,0.0,1.0,0.0,0.0,1.0,0.0,0.0,0.0,0.0,0.0,1.0,0.0,0.0,0.0,0.0,0.0,0.0,0.0,0.0,0.0,0.0
264,0.3846153846153846,525.0,-0.68,True,-1.0,0.0,681.7049714102249,False,1.4705769782795906,True,False,True,False,True,False,670.8838150044546,679.7932977234551,True,0.0,0.0,0.0,1.0,0.0,0.0,1.0,0.0,0.0,0.0,0.0,0.0,1.0,0.0,0.0,0.0,0.0,0.0,0.0,0.0,0.0,0.0,0.0
265,-0.6923076923076923,750.0,-0.88,True,-2.0,0.0,705.5941137736924,False,-0.528609702420821,False,False,False,False,False,False,697.480889673296,697.480889673296,False,0.0,0.0,0.0,0.0,0.0,1.0,1.0,0.0,0.0,0.0,0.0,0.0,0.0,1.0,0.0,0.0,0.0,0.0,0.0,0.0,0.0,0.0,0.0
266,0.6153846153846154,750.0,0.68,True,1.0,0.0,699.6173866894447,False,0.8096832838962779,True,False,True,False,True,False,698.6577280272465,679.7932977234551,True,0.0,0.0,0.0,1.0,0.0,0.0,1.0,0.0,0.0,0.0,0.0,1.0,0.0,0.0,0.0,0.0,0.0,0.0,0.0,0.0,0.0,0.0,0.0
267,0.3846153846153846,710.0,0.48,True,1.0,0.0,699.6173866894447,False,0.7711702229451727,True,False,True,False,True,False,697.8699033426905,679.7932977234551,True,0.0,0.0,0.0,1.0,0.0,0.0,1.0,0.0,0.0,0.0,0.0,0.0,0.0,0.0,1.0,0.0,0.0,0.0,0.0,0.0,0.0,0.0,0.0
268,0.5384615384615384,560.0,-0.44,True,-2.0,0.0,705.5941137736924,False,-0.4083341307051957,True,False,True,False,True,False,695.5142893172506,690.4195805561246,False,0.0,0.0,0.0,0.0,0.0,1.0,1.0,0.0,0.0,0.0,0.0,0.0,0.0,0.0,0.0,0.0,0.0,0.0,0.0,1.0,0.0,0.0,0.0
269,0.3846153846153846,600.0,-0.6,True,-1.0,0.0,693.2144366693383,False,0.3149937804994737,False,False,False,False,False,False,688.8749279052893,679.7932977234551,False,0.0,0.0,0.0,1.0,0.0,0.0,1.0,0.0,0.0,0.0,0.0,0.0,0.0,0.0,0.0,0.0,0.0,0.0,0.0,1.0,0.0,0.0,0.0
270,-0.2307692307692307,720.0,-0.52,True,-1.0,0.0,705.5941137736924,False,-0.4177590661180748,False,False,True,False,False,False,701.6494557290996,695.0535385086307,False,0.0,0.0,0.0,1.0,0.0,0.0,1.0,0.0,0.0,0.0,0.0,0.0,0.0,0.0,0.0,0.0,0.0,0.0,0.0,0.0,0.0,1.0,0.0
271,-0.6153846153846154,750.0,0.12,True,0.0,0.0,705.5941137736924,False,-0.4655056932350971,False,False,False,False,False,False,691.5060492022334,697.480889673296,False,0.0,0.0,0.0,1.0,0.0,0.0,1.0,0.0,0.0,0.0,0.0,0.0,0.0,0.0,0.0,0.0,0.0,0.0,1.0,0.0,0.0,0.0,0.0
272,-1.1538461538461535,750.0,-0.6,False,-1.0,0.0,705.5941137736924,True,-0.457324657927471,False,False,False,False,False,False,698.4230775594249,700.3570402720752,True,0.0,0.0,0.0,1.0,0.0,0.0,1.0,0.0,0.0,0.0,0.0,0.0,0.0,1.0,0.0,0.0,0.0,0.0,0.0,0.0,0.0,0.0,0.0
273,-0.3846153846153846,750.0,1.32,True,-2.0,0.0,705.5941137736924,False,-0.2436608936943833,False,False,False,False,False,False,695.5108000843883,700.3570402720752,True,0.0,0.0,0.0,0.0,0.0,1.0,1.0,0.0,0.0,0.0,0.0,0.0,0.0,1.0,0.0,0.0,0.0,0.0,0.0,0.0,0.0,0.0,0.0
274,-0.3076923076923077,650.0,-0.48,False,-2.0,0.0,705.5941137736924,True,-0.4073294421586451,True,False,True,False,False,False,687.3461928357755,687.3461928357755,True,0.0,0.0,0.0,0.0,0.0,1.0,1.0,0.0,0.0,0.0,0.0,0.0,0.0,0.0,0.0,0.0,0.0,0.0,0.0,1.0,0.0,0.0,0.0
275,0.0769230769230769,650.0,0.08,True,-1.0,0.0,697.3853988595729,False,0.3978566644340254,True,False,False,False,False,False,687.3461928357755,679.7932977234551,True,0.0,0.0,0.0,1.0,0.0,0.0,1.0,0.0,0.0,0.0,0.0,1.0,0.0,0.0,0.0,0.0,0.0,0.0,0.0,0.0,0.0,0.0,0.0
276,3.1538461538461537,670.0,0.72,True,0.0,0.0,683.8304295712966,False,0.7049564634963161,False,False,False,False,False,False,689.9483623230354,679.7932977234551,True,0.0,0.0,0.0,1.0,0.0,0.0,1.0,0.0,0.0,0.0,0.0,0.0,1.0,0.0,0.0,0.0,0.0,0.0,0.0,0.0,0.0,0.0,0.0
277,-0.3076923076923077,650.0,-0.48,True,-1.0,0.0,696.177593357043,True,0.0029662233279112,False,True,True,False,False,False,690.9344647730697,679.7932977234551,True,0.0,0.0,0.0,1.0,0.0,0.0,0.0,1.0,0.0,0.0,0.0,1.0,0.0,0.0,0.0,0.0,0.0,0.0,0.0,0.0,0.0,0.0,0.0
278,-1.0,750.0,-1.0,True,-1.0,0.0,705.5941137736924,False,-0.334035020572194,False,False,False,False,False,False,695.5142893172506,700.3570402720752,True,0.0,0.0,0.0,1.0,0.0,0.0,1.0,0.0,0.0,0.0,0.0,1.0,0.0,0.0,0.0,0.0,0.0,0.0,0.0,0.0,0.0,0.0,0.0
279,-0.0769230769230769,725.0,-0.28,True,-1.0,0.0,705.5941137736924,False,-0.3232705004305808,False,False,False,False,False,False,645.6577714401409,679.7932977234551,False,0.0,0.0,0.0,1.0,0.0,0.0,1.0,0.0,0.0,0.0,0.0,0.0,0.0,0.0,0.0,0.0,0.0,0.0,1.0,0.0,0.0,0.0,0.0
280,-0.2307692307692307,620.0,-1.48,False,-2.0,0.0,705.5941137736924,True,-0.4988996268299684,False,False,False,False,False,False,698.4230775594249,693.2793954075133,True,0.0,0.0,0.0,0.0,0.0,1.0,1.0,0.0,0.0,1.0,0.0,0.0,0.0,0.0,0.0,0.0,0.0,0.0,0.0,0.0,0.0,0.0,0.0
281,-0.2307692307692307,680.0,-0.88,True,-1.0,0.0,705.5941137736924,True,-0.4312027557171562,False,False,False,False,False,False,701.6494557290996,695.0535385086307,False,0.0,0.0,0.0,1.0,0.0,0.0,1.0,0.0,0.0,0.0,0.0,0.0,0.0,0.0,0.0,0.0,0.0,0.0,0.0,1.0,0.0,0.0,0.0
282,-1.0,750.0,1.2,True,1.0,0.0,696.9577757236586,False,0.0094727777246196,False,False,False,False,False,False,700.3570402720752,679.7932977234551,True,0.0,0.0,0.0,1.0,0.0,0.0,1.0,0.0,0.0,0.0,0.0,0.0,0.0,0.0,0.0,0.0,0.0,0.0,0.0,1.0,0.0,0.0,0.0
283,-0.3076923076923077,670.0,-0.16,True,-1.0,0.0,696.177593357043,True,0.0029662233279112,False,True,True,False,False,False,690.9344647730697,679.7932977234551,True,0.0,0.0,0.0,1.0,0.0,0.0,0.0,1.0,0.0,1.0,0.0,0.0,0.0,0.0,0.0,0.0,0.0,0.0,0.0,0.0,0.0,0.0,0.0
284,0.6153846153846154,600.0,0.72,True,1.0,0.0,699.6173866894447,False,0.7862883934551718,False,False,True,False,False,False,645.6577714401409,679.7932977234551,False,0.0,0.0,0.0,1.0,0.0,0.0,1.0,0.0,0.0,0.0,0.0,0.0,0.0,0.0,0.0,0.0,0.0,0.0,1.0,0.0,0.0,0.0,0.0
285,-0.6923076923076923,750.0,0.52,True,0.0,0.0,698.2864955943987,False,0.0140177973399674,False,False,False,False,False,False,691.1615387116915,700.3570402720752,False,0.0,0.0,0.0,1.0,0.0,0.0,1.0,0.0,0.0,0.0,0.0,0.0,0.0,1.0,0.0,0.0,0.0,0.0,0.0,0.0,0.0,0.0,0.0
286,-0.3846153846153846,700.0,-0.84,True,0.0,0.0,693.8516165539254,False,-0.1337671036264472,False,False,False,False,False,False,693.8516165539254,693.8516165539254,False,0.0,0.0,0.0,1.0,0.0,0.0,1.0,0.0,0.0,0.0,0.0,0.0,1.0,0.0,0.0,0.0,0.0,0.0,0.0,0.0,0.0,0.0,0.0
287,-0.5384615384615384,695.0,0.04,False,-1.0,0.0,705.5941137736924,False,-0.318725480815233,True,False,True,False,True,False,701.6494557290996,697.1262620110448,True,0.0,0.0,0.0,1.0,0.0,0.0,1.0,0.0,0.0,1.0,0.0,0.0,0.0,0.0,0.0,0.0,0.0,0.0,0.0,0.0,0.0,0.0,0.0
288,0.6153846153846154,710.0,0.36,True,-1.0,0.0,683.8304295712966,False,0.6072146206104679,False,False,False,False,False,False,691.1615387116915,679.7932977234551,True,0.0,0.0,0.0,1.0,0.0,0.0,1.0,0.0,0.0,0.0,0.0,1.0,0.0,0.0,0.0,0.0,0.0,0.0,0.0,0.0,0.0,0.0,0.0
289,0.2307692307692307,620.0,0.92,True,0.0,0.0,683.4429386048855,False,1.7682039996172616,False,False,False,False,False,False,645.6577714401409,679.7932977234551,False,0.0,0.0,0.0,1.0,0.0,0.0,1.0,0.0,0.0,0.0,0.0,1.0,0.0,0.0,0.0,0.0,0.0,0.0,0.0,0.0,0.0,0.0,0.0
290,0.1538461538461538,700.0,0.92,True,1.0,0.0,693.8516165539254,True,1.3676203234140274,False,False,False,False,False,False,645.6577714401409,679.7932977234551,False,0.0,0.0,0.0,1.0,0.0,0.0,1.0,0.0,0.0,1.0,0.0,0.0,0.0,0.0,0.0,0.0,0.0,0.0,0.0,0.0,0.0,0.0,0.0
291,2.076923076923077,715.0,1.28,True,1.0,0.0,695.8032436693703,False,1.2915032054348865,False,False,False,False,False,False,645.6577714401409,679.7932977234551,False,0.0,0.0,0.0,1.0,0.0,0.0,1.0,0.0,0.0,0.0,0.0,0.0,0.0,0.0,0.0,0.0,0.0,0.0,0.0,1.0,0.0,0.0,0.0
292,0.0769230769230769,750.0,-0.28,True,-1.0,0.0,705.5941137736924,True,-0.0534877045258826,False,False,False,False,False,False,698.1216488348642,693.7663279662679,True,0.0,0.0,0.0,1.0,0.0,0.0,1.0,0.0,0.0,1.0,0.0,0.0,0.0,0.0,0.0,0.0,0.0,0.0,0.0,0.0,0.0,0.0,0.0
293,-0.6923076923076923,750.0,-0.48,True,-1.0,0.0,705.5941137736924,False,-0.1863458042292603,False,False,True,False,False,False,701.25373726602,699.158751927826,True,0.0,0.0,0.0,1.0,0.0,0.0,1.0,0.0,0.0,0.0,0.0,1.0,0.0,0.0,0.0,0.0,0.0,0.0,0.0,0.0,0.0,0.0,0.0
294,0.0,550.0,-1.28,False,-2.0,0.0,705.5941137736924,False,-0.3669983733614008,False,False,False,False,False,False,689.1514921917221,683.2112015188931,False,0.0,0.0,0.0,0.0,0.0,1.0,1.0,0.0,0.0,0.0,0.0,0.0,0.0,0.0,0.0,0.0,0.0,0.0,0.0,1.0,0.0,0.0,0.0
295,0.1538461538461538,730.0,0.12,True,-1.0,0.0,699.1103969045737,False,0.7406946703664721,False,False,False,False,False,False,691.1615387116915,679.7932977234551,False,0.0,0.0,0.0,1.0,0.0,0.0,1.0,0.0,0.0,0.0,0.0,0.0,0.0,0.0,0.0,0.0,0.0,0.0,1.0,0.0,0.0,0.0,0.0
296,0.6153846153846154,750.0,-0.44,True,0.0,0.0,705.5941137736924,False,-0.4034063725959238,False,False,False,False,False,False,695.5142893172506,690.4195805561246,True,0.0,0.0,0.0,0.0,1.0,0.0,1.0,0.0,0.0,0.0,0.0,0.0,0.0,1.0,0.0,0.0,0.0,0.0,0.0,0.0,0.0,0.0,0.0
297,-0.3076923076923077,700.0,-0.48,True,-1.0,0.0,696.9577757236586,False,0.0749210601856281,False,False,False,False,False,False,697.480889673296,679.7932977234551,False,0.0,0.0,0.0,1.0,0.0,0.0,1.0,0.0,0.0,0.0,0.0,0.0,0.0,0.0,0.0,0.0,0.0,0.0,0.0,1.0,0.0,0.0,0.0
298,-0.3846153846153846,680.0,1.12,True,0.0,0.0,696.9577757236586,False,0.0469811501291742,False,False,False,False,False,False,692.1614747395278,679.7932977234551,True,0.0,0.0,0.0,1.0,0.0,0.0,0.0,0.0,1.0,0.0,0.0,0.0,0.0,0.0,0.0,0.0,0.0,0.0,0.0,1.0,0.0,0.0,0.0
299,-0.0769230769230769,600.0,-1.16,False,-1.0,0.0,705.5941137736924,True,-0.3780977896851976,True,False,False,False,False,False,689.1514921917221,690.3883364282716,False,0.0,0.0,0.0,1.0,0.0,0.0,1.0,0.0,0.0,0.0,0.0,0.0,0.0,1.0,0.0,0.0,0.0,0.0,0.0,0.0,0.0,0.0,0.0
300,0.0769230769230769,750.0,0.92,True,0.0,0.0,701.0271662958082,False,0.8934073294421586,False,False,False,False,False,False,645.6577714401409,679.7932977234551,False,0.0,0.0,0.0,1.0,0.0,0.0,1.0,0.0,0.0,1.0,0.0,0.0,0.0,0.0,0.0,0.0,0.0,0.0,0.0,0.0,0.0,0.0,0.0
301,-1.2307692307692308,700.0,0.2,True,-1.0,0.0,698.2864955943987,False,0.0343986221414218,False,False,False,False,False,False,691.1615387116915,697.6279595933563,True,0.0,0.0,0.0,1.0,0.0,0.0,1.0,0.0,0.0,0.0,0.0,1.0,0.0,0.0,0.0,0.0,0.0,0.0,0.0,0.0,0.0,0.0,0.0
302,-0.1538461538461538,690.0,0.8,True,0.0,0.0,705.5941137736924,True,-0.2410295665486556,False,False,False,False,False,False,701.6494557290996,692.5505318102954,True,0.0,0.0,0.0,1.0,0.0,0.0,1.0,0.0,0.0,0.0,0.0,0.0,0.0,0.0,0.0,0.0,0.0,0.0,0.0,1.0,0.0,0.0,0.0
303,-0.3846153846153846,700.0,-0.28,True,-1.0,0.0,705.5941137736924,False,-0.2141900296622332,False,False,False,False,False,False,699.9349631897439,697.480889673296,False,0.0,0.0,0.0,1.0,0.0,0.0,1.0,0.0,0.0,0.0,0.0,0.0,0.0,0.0,0.0,0.0,0.0,0.0,0.0,1.0,0.0,0.0,0.0
304,-0.5384615384615384,750.0,1.2,True,0.0,0.0,696.9577757236586,True,0.0694670366472108,False,False,False,False,False,False,697.480889673296,679.7932977234551,True,0.0,0.0,0.0,1.0,0.0,0.0,1.0,0.0,0.0,0.0,0.0,0.0,0.0,0.0,1.0,0.0,0.0,0.0,0.0,0.0,0.0,0.0,0.0
305,-0.3846153846153846,735.0,-0.24,True,-1.0,0.0,696.177593357043,False,0.0814276145823366,False,False,False,False,False,False,698.4054131566303,679.7932977234551,True,0.0,0.0,0.0,1.0,0.0,0.0,1.0,0.0,0.0,0.0,0.0,0.0,0.0,1.0,0.0,0.0,0.0,0.0,0.0,0.0,0.0,0.0,0.0
306,-0.3846153846153846,700.0,0.92,True,1.0,0.0,697.3705174848837,True,0.261027652856186,False,False,False,False,False,False,695.6128830213358,679.7932977234551,True,0.0,0.0,0.0,1.0,0.0,0.0,1.0,0.0,0.0,0.0,0.0,0.0,0.0,0.0,1.0,0.0,0.0,0.0,0.0,0.0,0.0,0.0,0.0
307,-0.2307692307692307,725.0,0.72,True,1.0,0.0,695.3531236997887,False,0.1878289158932159,False,False,False,False,False,False,691.1615387116915,679.7932977234551,False,0.0,0.0,0.0,1.0,0.0,0.0,1.0,0.0,0.0,0.0,0.0,0.0,0.0,0.0,0.0,0.0,0.0,0.0,1.0,0.0,0.0,0.0,0.0
308,0.0,733.0,0.4560000000000002,True,0.0,0.0,699.6173866894447,False,0.7760022964309635,False,False,False,True,False,False,699.0696354008026,679.7932977234551,True,0.0,0.0,0.0,1.0,0.0,0.0,1.0,0.0,0.0,0.0,0.0,1.0,0.0,0.0,0.0,0.0,0.0,0.0,0.0,0.0,0.0,0.0,0.0
309,-0.0769230769230769,750.0,-0.84,True,-1.0,0.0,705.5941137736924,False,-0.3867572481102287,True,False,False,False,False,False,698.060183306633,696.0623790242912,True,0.0,0.0,0.0,1.0,0.0,0.0,1.0,0.0,0.0,0.0,0.0,0.0,0.0,0.0,0.0,0.0,0.0,0.0,0.0,1.0,0.0,0.0,0.0
310,0.0,675.0,0.48,True,0.0,0.0,705.5941137736924,True,-0.3188690077504545,False,False,False,False,False,False,691.5060492022334,687.330275254454,False,0.0,0.0,0.0,1.0,0.0,0.0,1.0,0.0,0.0,0.0,0.0,0.0,0.0,0.0,0.0,0.0,0.0,0.0,0.0,1.0,0.0,0.0,0.0
311,0.2307692307692307,650.0,1.12,True,0.0,0.0,688.8749279052893,True,1.470911874461774,True,False,False,False,False,False,645.6577714401409,679.7932977234551,False,0.0,0.0,0.0,1.0,0.0,0.0,1.0,0.0,0.0,0.0,0.0,1.0,0.0,0.0,0.0,0.0,0.0,0.0,0.0,0.0,0.0,0.0,0.0
312,-0.3846153846153846,730.0,-0.2,True,-1.0,0.0,705.5941137736924,False,-0.3082001722323222,True,False,False,False,False,False,689.1514921917221,695.1467635799776,True,0.0,0.0,0.0,1.0,0.0,0.0,1.0,0.0,0.0,0.0,0.0,0.0,0.0,0.0,0.0,0.0,0.0,0.0,0.0,1.0,0.0,0.0,0.0
313,-0.0769230769230769,700.0,1.6,True,-1.0,0.0,693.8516165539254,True,0.5876949574203425,False,False,False,False,False,False,645.6577714401409,679.7932977234551,True,0.0,0.0,0.0,1.0,0.0,0.0,1.0,0.0,0.0,0.0,0.0,0.0,0.0,0.0,0.0,0.0,0.0,0.0,0.0,1.0,0.0,0.0,0.0
314,-0.6153846153846154,690.0,-0.76,False,-2.0,0.0,705.5941137736924,False,-0.312075399483303,True,False,True,False,True,False,689.1514921917221,695.1467635799776,True,0.0,0.0,0.0,0.0,0.0,1.0,1.0,0.0,0.0,0.0,0.0,1.0,0.0,0.0,0.0,0.0,0.0,0.0,0.0,0.0,0.0,0.0,0.0
315,0.2307692307692307,700.0,0.52,True,0.0,0.0,688.8749279052893,True,1.4756961056358244,False,False,False,False,False,False,645.6577714401409,679.7932977234551,False,0.0,0.0,0.0,1.0,0.0,0.0,1.0,0.0,0.0,1.0,0.0,0.0,0.0,0.0,0.0,0.0,0.0,0.0,0.0,0.0,0.0,0.0,0.0
316,0.3076923076923077,600.0,1.28,True,0.0,1.0,682.4388751934754,False,1.5382738493924026,False,False,False,False,False,False,645.6577714401409,679.7932977234551,False,0.0,0.0,1.0,0.0,0.0,0.0,1.0,0.0,0.0,0.0,0.0,1.0,0.0,0.0,0.0,0.0,0.0,0.0,0.0,0.0,0.0,0.0,0.0
317,-0.1538461538461538,700.0,-1.28,False,-2.0,0.0,705.5941137736924,False,-0.5564060855420534,False,False,False,False,False,False,691.1615387116915,690.2450997417588,False,0.0,0.0,0.0,0.0,0.0,1.0,1.0,0.0,0.0,0.0,0.0,0.0,0.0,0.0,0.0,0.0,0.0,0.0,0.0,1.0,0.0,0.0,0.0
318,0.0769230769230769,690.0,0.12,True,0.0,0.0,692.5505318102954,False,0.7982011290785571,False,False,False,False,False,False,645.6577714401409,679.7932977234551,False,0.0,0.0,0.0,1.0,0.0,0.0,1.0,0.0,0.0,0.0,0.0,0.0,0.0,0.0,0.0,0.0,0.0,0.0,0.0,1.0,0.0,0.0,0.0
319,1.1538461538461535,750.0,2.28,True,1.0,2.0,700.3570402720752,True,0.7548559946416611,False,False,False,False,False,False,645.6577714401409,679.7932977234551,False,0.0,0.0,1.0,0.0,0.0,0.0,1.0,0.0,0.0,1.0,0.0,0.0,0.0,0.0,0.0,0.0,0.0,0.0,0.0,0.0,0.0,0.0,0.0
320,0.8461538461538461,700.0,-0.24,True,-2.0,0.0,705.5941137736924,False,-0.1841929002009377,True,False,False,False,False,False,701.25373726602,699.158751927826,False,0.0,0.0,0.0,0.0,0.0,1.0,1.0,0.0,0.0,0.0,0.0,0.0,0.0,0.0,0.0,0.0,0.0,0.0,0.0,1.0,0.0,0.0,0.0
321,0.9230769230769232,670.0,0.16,True,-1.0,0.0,695.813794201381,False,1.0915223423595828,False,False,False,False,False,False,688.2605704547643,679.7932977234551,True,0.0,0.0,0.0,1.0,0.0,0.0,1.0,0.0,0.0,0.0,0.0,0.0,0.0,0.0,0.0,0.0,0.0,0.0,0.0,1.0,0.0,0.0,0.0
322,-0.3846153846153846,750.0,0.92,True,0.0,0.0,686.0932915831607,False,0.6106592670557841,False,False,False,False,False,False,695.3531236997887,679.7932977234551,True,0.0,0.0,0.0,1.0,0.0,0.0,1.0,0.0,0.0,0.0,0.0,0.0,0.0,1.0,0.0,0.0,0.0,0.0,0.0,0.0,0.0,0.0,0.0
323,0.3076923076923077,740.0,-0.96,True,-2.0,0.0,705.5941137736924,False,-0.1913214046502727,False,False,False,False,False,False,701.25373726602,700.3179109713058,True,0.0,0.0,0.0,0.0,0.0,1.0,1.0,0.0,0.0,0.0,0.0,0.0,0.0,0.0,0.0,0.0,0.0,0.0,0.0,1.0,0.0,0.0,0.0
324,-0.0769230769230769,750.0,2.12,True,2.0,1.0,699.1103969045737,False,0.7489713902975792,False,False,False,False,False,False,700.3570402720752,679.7932977234551,False,0.0,0.0,0.0,1.0,0.0,0.0,1.0,0.0,0.0,1.0,0.0,0.0,0.0,0.0,0.0,0.0,0.0,0.0,0.0,0.0,0.0,0.0,0.0
325,-0.8461538461538461,750.0,0.2,True,0.0,0.0,705.5941137736924,False,-0.3166204190986508,False,False,True,False,False,False,695.5142893172506,700.3570402720752,False,0.0,0.0,0.0,1.0,0.0,0.0,1.0,0.0,0.0,0.0,0.0,0.0,1.0,0.0,0.0,0.0,0.0,0.0,0.0,0.0,0.0,0.0,0.0
326,0.0769230769230769,750.0,0.52,True,-2.0,0.0,701.4185840255545,True,0.189072815998469,True,False,False,False,False,False,700.3570402720752,679.7932977234551,True,0.0,0.0,0.0,0.0,0.0,1.0,1.0,0.0,0.0,0.0,0.0,0.0,0.0,0.0,0.0,0.0,0.0,0.0,0.0,1.0,0.0,0.0,0.0
327,-0.6923076923076923,650.0,-1.16,True,-2.0,0.0,705.5941137736924,False,-0.3311644818677638,False,False,False,False,False,False,698.060183306633,693.9346130507838,False,0.0,0.0,0.0,0.0,0.0,1.0,1.0,0.0,0.0,0.0,0.0,0.0,0.0,0.0,0.0,0.0,0.0,0.0,0.0,1.0,0.0,0.0,0.0
328,-0.1538461538461538,625.0,-0.24,True,-1.0,0.0,683.8304295712966,False,0.6070710936752464,True,False,False,False,False,False,691.1615387116915,679.7932977234551,True,0.0,0.0,0.0,1.0,0.0,0.0,1.0,0.0,0.0,0.0,0.0,1.0,0.0,0.0,0.0,0.0,0.0,0.0,0.0,0.0,0.0,0.0,0.0
329,-0.1538461538461538,700.0,-0.88,True,-1.0,0.0,705.5941137736924,False,-0.4810544445507607,True,False,False,False,False,False,695.3159460094015,693.8516165539254,True,0.0,0.0,0.0,1.0,0.0,0.0,1.0,0.0,0.0,0.0,0.0,0.0,0.0,0.0,0.0,0.0,0.0,0.0,0.0,1.0,0.0,0.0,0.0
330,0.3846153846153846,750.0,1.52,True,0.0,1.0,701.0271662958082,False,0.8821165438713998,False,False,False,False,False,False,645.6577714401409,679.7932977234551,False,0.0,0.0,0.0,1.0,0.0,0.0,1.0,0.0,0.0,1.0,0.0,0.0,0.0,0.0,0.0,0.0,0.0,0.0,0.0,0.0,0.0,0.0,0.0
331,1.3076923076923077,600.0,-1.28,False,-2.0,0.0,705.5941137736924,False,-0.4070902305999426,True,False,False,False,False,False,686.8420598057594,680.8407691176255,False,0.0,0.0,0.0,0.0,0.0,1.0,1.0,0.0,0.0,0.0,0.0,0.0,0.0,0.0,0.0,0.0,0.0,0.0,0.0,1.0,0.0,0.0,0.0
332,0.3846153846153846,750.0,1.28,True,0.0,1.0,696.177593357043,False,0.0266481676394603,True,False,False,False,False,False,700.3570402720752,679.7932977234551,True,0.0,0.0,0.0,1.0,0.0,0.0,1.0,0.0,0.0,0.0,0.0,1.0,0.0,0.0,0.0,0.0,0.0,0.0,0.0,0.0,0.0,0.0,0.0
333,0.9230769230769232,700.0,-0.08,True,-1.0,0.0,679.7495065607351,False,0.9416802219883263,True,False,False,False,False,False,679.7495065607351,679.7932977234551,True,0.0,0.0,0.0,1.0,0.0,0.0,1.0,0.0,0.0,1.0,0.0,0.0,0.0,0.0,0.0,0.0,0.0,0.0,0.0,0.0,0.0,0.0,0.0
334,1.0769230769230769,750.0,1.32,True,1.0,1.0,701.0271662958082,False,0.7853315472203617,False,False,False,False,False,False,645.6577714401409,679.7932977234551,True,0.0,0.0,0.0,1.0,0.0,0.0,1.0,0.0,0.0,0.0,0.0,1.0,0.0,0.0,0.0,0.0,0.0,0.0,0.0,0.0,0.0,0.0,0.0
335,0.6153846153846154,750.0,-0.36,True,0.0,0.0,705.5941137736924,False,-0.2626064491436226,False,False,False,False,False,False,699.9349631897439,700.3570402720752,True,0.0,0.0,0.0,1.0,0.0,0.0,1.0,0.0,0.0,0.0,0.0,1.0,0.0,0.0,0.0,0.0,0.0,0.0,0.0,0.0,0.0,0.0,0.0
336,0.5384615384615384,625.0,0.0,True,0.0,0.0,681.7049714102249,False,1.4987082575830064,False,False,False,False,False,False,691.1615387116915,679.7932977234551,False,0.0,0.0,0.0,1.0,0.0,0.0,1.0,0.0,0.0,0.0,0.0,0.0,0.0,0.0,0.0,0.0,0.0,0.0,0.0,1.0,0.0,0.0,0.0
337,0.0,750.0,-0.44,True,-1.0,0.0,701.4185840255545,False,0.1820878384843555,False,False,True,False,False,False,700.2086370207389,679.7932977234551,False,0.0,0.0,0.0,1.0,0.0,0.0,1.0,0.0,0.0,1.0,0.0,0.0,0.0,0.0,0.0,0.0,0.0,0.0,0.0,0.0,0.0,0.0,0.0
338,-1.0,695.0,0.08,True,-1.0,0.0,705.5941137736924,True,-0.1782604535451153,False,False,False,False,False,False,707.8566208272264,694.7492345375915,True,0.0,0.0,0.0,1.0,0.0,0.0,1.0,0.0,0.0,0.0,0.0,0.0,0.0,1.0,0.0,0.0,0.0,0.0,0.0,0.0,0.0,0.0,0.0
339,-0.7692307692307693,450.0,-0.68,True,-1.0,0.0,665.5644000706862,False,1.624342168213568,True,False,False,False,False,False,645.6577714401409,679.7932977234551,False,0.0,0.0,0.0,1.0,0.0,0.0,1.0,0.0,0.0,1.0,0.0,0.0,0.0,0.0,0.0,0.0,0.0,0.0,0.0,0.0,0.0,0.0,0.0
340,-0.3846153846153846,720.0,0.04,True,0.0,0.0,698.2864955943987,False,0.0540618122667687,True,False,False,False,False,False,691.1615387116915,697.6279595933563,False,0.0,0.0,0.0,1.0,0.0,0.0,1.0,0.0,0.0,0.0,0.0,0.0,0.0,0.0,0.0,0.0,0.0,0.0,0.0,1.0,0.0,0.0,0.0
341,0.0,745.0,0.64,True,0.0,0.0,699.6173866894447,False,0.7883934551717539,False,False,False,True,False,False,699.0696354008026,679.7932977234551,True,0.0,0.0,0.0,1.0,0.0,0.0,1.0,0.0,0.0,0.0,0.0,1.0,0.0,0.0,0.0,0.0,0.0,0.0,0.0,0.0,0.0,0.0,0.0
342,-0.0769230769230769,720.0,0.5039999999999998,True,0.0,0.0,699.6173866894447,False,0.7799732083054253,False,False,False,True,False,False,699.0696354008026,679.7932977234551,True,0.0,0.0,0.0,1.0,0.0,0.0,1.0,0.0,0.0,0.0,0.0,1.0,0.0,0.0,0.0,0.0,0.0,0.0,0.0,0.0,0.0,0.0,0.0
343,0.2307692307692307,750.0,-0.08,True,0.0,0.0,705.5941137736924,False,-0.2324657927471055,False,False,False,False,False,False,699.9349631897439,697.480889673296,False,0.0,0.0,0.0,1.0,0.0,0.0,1.0,0.0,0.0,1.0,0.0,0.0,0.0,0.0,0.0,0.0,0.0,0.0,0.0,0.0,0.0,0.0,0.0
344,-0.0769230769230769,720.0,-0.36,True,-2.0,0.0,705.5941137736924,True,-0.311596976365898,False,False,False,False,False,False,698.060183306633,696.4537860411854,True,0.0,0.0,0.0,0.0,0.0,1.0,1.0,0.0,0.0,1.0,0.0,0.0,0.0,0.0,0.0,0.0,0.0,0.0,0.0,0.0,0.0,0.0,0.0
345,-0.2307692307692307,725.0,-0.52,False,-2.0,0.0,705.5941137736924,True,-0.5349248875705674,False,False,False,False,False,False,691.1615387116915,698.5288208720782,True,0.0,0.0,0.0,0.0,0.0,1.0,1.0,0.0,0.0,0.0,0.0,0.0,0.0,0.0,0.0,0.0,0.0,1.0,0.0,0.0,0.0,0.0,0.0
346,-0.4615384615384615,750.0,0.92,False,0.0,0.0,705.5941137736924,True,-0.2062003636015692,False,False,False,False,False,False,707.8566208272264,694.7492345375915,True,0.0,0.0,0.0,1.0,0.0,0.0,1.0,0.0,0.0,0.0,0.0,0.0,0.0,0.0,1.0,0.0,0.0,0.0,0.0,0.0,0.0,0.0,0.0
347,-0.4615384615384615,550.0,1.16,True,0.0,0.0,674.3353453994757,False,1.6805568845086594,False,False,False,False,False,False,645.6577714401409,679.7932977234551,True,0.0,0.0,0.0,1.0,0.0,0.0,1.0,0.0,0.0,1.0,0.0,0.0,0.0,0.0,0.0,0.0,0.0,0.0,0.0,0.0,0.0,0.0,0.0
348,-0.3076923076923077,640.0,0.48,True,0.0,0.0,686.0451080921455,True,0.8128408764711511,False,False,False,False,False,False,645.6577714401409,679.7932977234551,True,0.0,0.0,0.0,1.0,0.0,0.0,1.0,0.0,0.0,0.0,0.0,1.0,0.0,0.0,0.0,0.0,0.0,0.0,0.0,0.0,0.0,0.0,0.0
349,-0.0769230769230769,700.0,-0.12,True,-1.0,0.0,696.177593357043,False,-0.0318151373074346,True,False,True,False,True,False,688.6151981170156,679.7932977234551,True,0.0,0.0,0.0,1.0,0.0,0.0,1.0,0.0,0.0,1.0,0.0,0.0,0.0,0.0,0.0,0.0,0.0,0.0,0.0,0.0,0.0,0.0,0.0
350,-0.3076923076923077,700.0,0.08,True,-1.0,0.0,705.5941137736924,True,-0.2292603578604918,False,False,False,False,False,False,701.6494557290996,697.4099641408458,True,0.0,0.0,0.0,1.0,0.0,0.0,1.0,0.0,0.0,0.0,0.0,0.0,0.0,0.0,0.0,1.0,0.0,0.0,0.0,0.0,0.0,0.0,0.0
351,-0.6923076923076923,700.0,0.72,True,0.0,0.0,699.6173866894447,True,0.8629796191751985,False,False,False,False,False,False,693.8516165539254,679.7932977234551,False,0.0,0.0,0.0,1.0,0.0,0.0,1.0,0.0,0.0,1.0,0.0,0.0,0.0,0.0,0.0,0.0,0.0,0.0,0.0,0.0,0.0,0.0,0.0
352,-0.0769230769230769,695.0,0.2,False,0.0,0.0,693.2010741821103,True,0.1359200076547699,False,False,False,False,False,False,693.2010741821103,679.7932977234551,False,0.0,0.0,0.0,1.0,0.0,0.0,1.0,0.0,0.0,0.0,0.0,0.0,1.0,0.0,0.0,0.0,0.0,0.0,0.0,0.0,0.0,0.0,0.0
